exp_id,client,segment,variation,metric,final_value,first_dt,final_dt,days_tracked
6911.0,UGT_IOS,Total,1.0,members,13032.0,2026-03-27,2026-04-09,14
6911.0,UGT_IOS,Total,1.0,revenue,7852.875661147836,2026-03-27,2026-04-09,14
6911.0,UGT_IOS,Total,2.0,members,12921.0,2026-03-27,2026-04-09,14
6911.0,UGT_IOS,Total,2.0,revenue,8113.190578949333,2026-03-27,2026-04-09,14
6977.0,UGT_ANDROID,Paid,1.0,members,9240.0,2026-04-27,2026-05-05,9
6977.0,UGT_ANDROID,Paid,1.0,revenue,11561.543462859954,2026-04-27,2026-05-05,9
6977.0,UGT_ANDROID,Paid,2.0,members,9424.0,2026-04-27,2026-05-05,9
6977.0,UGT_ANDROID,Paid,2.0,revenue,11449.100634032486,2026-04-27,2026-05-05,9
6977.0,UGT_ANDROID,Total,1.0,members,34225.0,2026-04-27,2026-05-05,9
6977.0,UGT_ANDROID,Total,1.0,revenue,29394.17011392968,2026-04-27,2026-05-05,9
6977.0,UGT_ANDROID,Total,2.0,members,34599.0,2026-04-27,2026-05-05,9
6977.0,UGT_ANDROID,Total,2.0,revenue,32039.19164629153,2026-04-27,2026-05-05,9
7013.0,UGT_ANDROID,Total,1.0,members,962.0,2026-02-12,2026-03-10,27
7013.0,UGT_ANDROID,Total,1.0,revenue,964.3420028209686,2026-02-12,2026-03-10,27
7013.0,UGT_ANDROID,Total,2.0,members,961.0,2026-02-12,2026-03-10,27
7013.0,UGT_ANDROID,Total,2.0,revenue,1045.3555084466932,2026-02-12,2026-03-10,27
7013.0,UGT_IOS,Total,1.0,members,3866.0,2026-02-12,2026-03-10,27
7013.0,UGT_IOS,Total,1.0,revenue,3652.1800684928885,2026-02-12,2026-03-10,27
7013.0,UGT_IOS,Total,2.0,members,3754.0,2026-02-12,2026-03-10,27
7013.0,UGT_IOS,Total,2.0,revenue,2407.979046336321,2026-02-12,2026-03-10,27
7022.0,UG_WEB DESKTOP,Total,1.0,members,2956.0,2026-06-18,2026-06-19,2
7022.0,UG_WEB DESKTOP,Total,1.0,revenue,4676.849999427795,2026-06-18,2026-06-19,2
7022.0,UG_WEB DESKTOP,Total,2.0,members,2879.0,2026-06-18,2026-06-19,2
7022.0,UG_WEB DESKTOP,Total,2.0,revenue,3902.7800130844116,2026-06-18,2026-06-19,2
7022.0,UG_WEB MOBWEB,Total,1.0,members,27.0,2026-06-18,2026-06-19,2
7022.0,UG_WEB MOBWEB,Total,1.0,revenue,351.3199996948242,2026-06-18,2026-06-19,2
7022.0,UG_WEB MOBWEB,Total,2.0,members,27.0,2026-06-18,2026-06-19,2
7022.0,UG_WEB MOBWEB,Total,2.0,revenue,64.98999786376953,2026-06-18,2026-06-19,2
7043.0,UGT_ANDROID,Total,1.0,members,17065.0,2026-02-19,2026-03-04,14
7043.0,UGT_ANDROID,Total,1.0,revenue,7390.378324664681,2026-02-19,2026-03-04,14
7043.0,UGT_ANDROID,Total,2.0,members,17641.0,2026-02-19,2026-03-04,14
7043.0,UGT_ANDROID,Total,2.0,revenue,8201.12261311028,2026-02-19,2026-03-04,14
7043.0,UGT_ANDROID,Total,3.0,members,17594.0,2026-02-19,2026-03-04,14
7043.0,UGT_ANDROID,Total,3.0,revenue,7417.079559643712,2026-02-19,2026-03-04,14
7043.0,UGT_IOS,Total,1.0,members,18184.0,2026-02-19,2026-03-04,14
7043.0,UGT_IOS,Total,1.0,revenue,16701.288543565974,2026-02-19,2026-03-04,14
7043.0,UGT_IOS,Total,2.0,members,18464.0,2026-02-19,2026-03-04,14
7043.0,UGT_IOS,Total,2.0,revenue,17349.75486280503,2026-02-19,2026-03-04,14
7043.0,UGT_IOS,Total,3.0,members,18538.0,2026-02-19,2026-03-04,14
7043.0,UGT_IOS,Total,3.0,revenue,16573.91386503013,2026-02-19,2026-03-04,14
7061.0,UGT_ANDROID,Total,1.0,members,9131.0,2026-03-16,2026-03-23,8
7061.0,UGT_ANDROID,Total,1.0,revenue,1392.3850226163865,2026-03-16,2026-03-23,8
7061.0,UGT_ANDROID,Total,2.0,members,9290.0,2026-03-16,2026-03-23,8
7061.0,UGT_ANDROID,Total,2.0,revenue,1171.7675119161606,2026-03-16,2026-03-23,8
7061.0,UGT_ANDROID,Total,3.0,members,9157.0,2026-03-16,2026-03-23,8
7061.0,UGT_ANDROID,Total,3.0,revenue,1377.6687938929736,2026-03-16,2026-03-23,8
7061.0,UGT_ANDROID,Total,4.0,members,8989.0,2026-03-16,2026-03-23,8
7061.0,UGT_ANDROID,Total,4.0,revenue,1413.1930171608926,2026-03-16,2026-03-23,8
7061.0,UGT_ANDROID,Total,5.0,members,8995.0,2026-03-16,2026-03-23,8
7061.0,UGT_ANDROID,Total,5.0,revenue,829.3535105705263,2026-03-16,2026-03-23,8
7061.0,UGT_ANDROID,Total,6.0,members,9036.0,2026-03-16,2026-03-23,8
7061.0,UGT_ANDROID,Total,6.0,revenue,1386.7580052852632,2026-03-16,2026-03-23,8
7061.0,UGT_IOS,Total,1.0,members,17734.0,2026-03-16,2026-03-23,8
7061.0,UGT_IOS,Total,1.0,revenue,3508.685128705213,2026-03-16,2026-03-23,8
7061.0,UGT_IOS,Total,2.0,members,17557.0,2026-03-16,2026-03-23,8
7061.0,UGT_IOS,Total,2.0,revenue,3195.9830177724357,2026-03-16,2026-03-23,8
7061.0,UGT_IOS,Total,3.0,members,17731.0,2026-03-16,2026-03-23,8
7061.0,UGT_IOS,Total,3.0,revenue,3770.352256798568,2026-03-16,2026-03-23,8
7061.0,UGT_IOS,Total,4.0,members,17615.0,2026-03-16,2026-03-23,8
7061.0,UGT_IOS,Total,4.0,revenue,4218.249030911923,2026-03-16,2026-03-23,8
7061.0,UGT_IOS,Total,5.0,members,17530.0,2026-03-16,2026-03-23,8
7061.0,UGT_IOS,Total,5.0,revenue,3503.661030307916,2026-03-16,2026-03-23,8
7061.0,UGT_IOS,Total,6.0,members,17767.0,2026-03-16,2026-03-23,8
7061.0,UGT_IOS,Total,6.0,revenue,3888.4226781914545,2026-03-16,2026-03-23,8
7085.0,UGT_ANDROID,Splashes,1.0,members,16782.0,2026-02-26,2026-03-02,5
7085.0,UGT_ANDROID,Splashes,1.0,revenue,780.3509958982467,2026-02-26,2026-03-02,5
7085.0,UGT_ANDROID,Splashes,2.0,members,16853.0,2026-02-26,2026-03-02,5
7085.0,UGT_ANDROID,Splashes,2.0,revenue,152.4475021481514,2026-02-26,2026-03-02,5
7085.0,UGT_ANDROID,Total,1.0,members,16782.0,2026-02-26,2026-03-02,5
7085.0,UGT_ANDROID,Total,1.0,revenue,5358.830742808656,2026-02-26,2026-03-02,5
7085.0,UGT_ANDROID,Total,2.0,members,16853.0,2026-02-26,2026-03-02,5
7085.0,UGT_ANDROID,Total,2.0,revenue,5047.556567123822,2026-02-26,2026-03-02,5
7085.0,UGT_IOS,Splashes,1.0,members,17074.0,2026-02-26,2026-03-02,5
7085.0,UGT_IOS,Splashes,1.0,revenue,803.016748386532,2026-02-26,2026-03-02,5
7085.0,UGT_IOS,Splashes,2.0,members,16917.0,2026-02-26,2026-03-02,5
7085.0,UGT_IOS,Splashes,2.0,revenue,144.8859991788864,2026-02-26,2026-03-02,5
7085.0,UGT_IOS,Total,1.0,members,17074.0,2026-02-26,2026-03-02,5
7085.0,UGT_IOS,Total,1.0,revenue,10834.127335543566,2026-02-26,2026-03-02,5
7085.0,UGT_IOS,Total,2.0,members,16917.0,2026-02-26,2026-03-02,5
7085.0,UGT_IOS,Total,2.0,revenue,11145.358119027846,2026-02-26,2026-03-02,5
7118.0,UGT_IOS,Instant Offers,1.0,members,51265.0,2026-03-04,2026-03-13,10
7118.0,UGT_IOS,Instant Offers,1.0,revenue,0.0,2026-03-04,2026-03-13,10
7118.0,UGT_IOS,Instant Offers,2.0,members,51598.0,2026-03-04,2026-03-13,10
7118.0,UGT_IOS,Instant Offers,2.0,revenue,0.0,2026-03-04,2026-03-13,10
7118.0,UGT_IOS,Instant Offers,3.0,members,51419.0,2026-03-04,2026-03-13,10
7118.0,UGT_IOS,Instant Offers,3.0,revenue,0.0,2026-03-04,2026-03-13,10
7118.0,UGT_IOS,Pro Trials,1.0,members,51265.0,2026-03-04,2026-03-13,10
7118.0,UGT_IOS,Pro Trials,1.0,revenue,5402.187148427965,2026-03-04,2026-03-13,10
7118.0,UGT_IOS,Pro Trials,2.0,members,51598.0,2026-03-04,2026-03-13,10
7118.0,UGT_IOS,Pro Trials,2.0,revenue,3646.4611155033112,2026-03-04,2026-03-13,10
7118.0,UGT_IOS,Pro Trials,3.0,members,51419.0,2026-03-04,2026-03-13,10
7118.0,UGT_IOS,Pro Trials,3.0,revenue,6780.99819016457,2026-03-04,2026-03-13,10
7118.0,UGT_IOS,Total,1.0,members,51265.0,2026-03-04,2026-03-13,10
7118.0,UGT_IOS,Total,1.0,revenue,26102.586444474746,2026-03-04,2026-03-13,10
7118.0,UGT_IOS,Total,2.0,members,51598.0,2026-03-04,2026-03-13,10
7118.0,UGT_IOS,Total,2.0,revenue,32877.39345072275,2026-03-04,2026-03-13,10
7118.0,UGT_IOS,Total,3.0,members,51419.0,2026-03-04,2026-03-13,10
7118.0,UGT_IOS,Total,3.0,revenue,32201.879492242704,2026-03-04,2026-03-13,10
7118.0,UGT_IOS,Tour Install,1.0,members,51265.0,2026-03-04,2026-03-13,10
7118.0,UGT_IOS,Tour Install,1.0,revenue,8601.284898662567,2026-03-04,2026-03-13,10
7118.0,UGT_IOS,Tour Install,2.0,members,51598.0,2026-03-04,2026-03-13,10
7118.0,UGT_IOS,Tour Install,2.0,revenue,11999.539822292332,2026-03-04,2026-03-13,10
7118.0,UGT_IOS,Tour Install,3.0,members,51419.0,2026-03-04,2026-03-13,10
7118.0,UGT_IOS,Tour Install,3.0,revenue,11961.004845857622,2026-03-04,2026-03-13,10
7130.0,UGT_ANDROID,Splashes,1.0,members,5170.0,2026-03-11,2026-03-16,6
7130.0,UGT_ANDROID,Splashes,1.0,revenue,291.09950630664827,2026-03-11,2026-03-16,6
7130.0,UGT_ANDROID,Splashes,2.0,members,5261.0,2026-03-11,2026-03-16,6
7130.0,UGT_ANDROID,Splashes,2.0,revenue,151.74199957847594,2026-03-11,2026-03-16,6
7130.0,UGT_ANDROID,Splashes,3.0,members,5191.0,2026-03-11,2026-03-16,6
7130.0,UGT_ANDROID,Splashes,3.0,revenue,39.227499675750735,2026-03-11,2026-03-16,6
7130.0,UGT_ANDROID,Total,1.0,members,5170.0,2026-03-11,2026-03-16,6
7130.0,UGT_ANDROID,Total,1.0,revenue,1864.3645296931268,2026-03-11,2026-03-16,6
7130.0,UGT_ANDROID,Total,2.0,members,5261.0,2026-03-11,2026-03-16,6
7130.0,UGT_ANDROID,Total,2.0,revenue,1629.161017096043,2026-03-11,2026-03-16,6
7130.0,UGT_ANDROID,Total,3.0,members,5191.0,2026-03-11,2026-03-16,6
7130.0,UGT_ANDROID,Total,3.0,revenue,1077.8170157909394,2026-03-11,2026-03-16,6
7130.0,UGT_IOS,Splashes,1.0,members,5198.0,2026-03-11,2026-03-16,6
7130.0,UGT_IOS,Splashes,1.0,revenue,326.19300309768107,2026-03-11,2026-03-16,6
7130.0,UGT_IOS,Splashes,2.0,members,5202.0,2026-03-11,2026-03-16,6
7130.0,UGT_IOS,Splashes,2.0,revenue,168.7559992790222,2026-03-11,2026-03-16,6
7130.0,UGT_IOS,Splashes,3.0,members,5197.0,2026-03-11,2026-03-16,6
7130.0,UGT_IOS,Splashes,3.0,revenue,97.09000053405762,2026-03-11,2026-03-16,6
7130.0,UGT_IOS,Total,1.0,members,5198.0,2026-03-11,2026-03-16,6
7130.0,UGT_IOS,Total,1.0,revenue,3191.153042451052,2026-03-11,2026-03-16,6
7130.0,UGT_IOS,Total,2.0,members,5202.0,2026-03-11,2026-03-16,6
7130.0,UGT_IOS,Total,2.0,revenue,3297.168032011893,2026-03-11,2026-03-16,6
7130.0,UGT_IOS,Total,3.0,members,5197.0,2026-03-11,2026-03-16,6
7130.0,UGT_IOS,Total,3.0,revenue,2596.8810300707814,2026-03-11,2026-03-16,6
7142.0,UGT_ANDROID,Total,1.0,members,1016.0,2026-03-16,2026-03-18,3
7142.0,UGT_ANDROID,Total,1.0,revenue,784.9410062134266,2026-03-16,2026-03-18,3
7142.0,UGT_ANDROID,Total,2.0,members,1064.0,2026-03-16,2026-03-18,3
7142.0,UGT_ANDROID,Total,2.0,revenue,744.4895055770874,2026-03-16,2026-03-18,3
7142.0,UGT_ANDROID,Tour,1.0,members,1016.0,2026-03-16,2026-03-18,3
7142.0,UGT_ANDROID,Tour,1.0,revenue,382.33000066876417,2026-03-16,2026-03-18,3
7142.0,UGT_ANDROID,Tour,2.0,members,1064.0,2026-03-16,2026-03-18,3
7142.0,UGT_ANDROID,Tour,2.0,revenue,623.7130038261413,2026-03-16,2026-03-18,3
7142.0,UGT_IOS,Total,1.0,members,1168.0,2026-03-16,2026-03-18,3
7142.0,UGT_IOS,Total,1.0,revenue,2671.095011535792,2026-03-16,2026-03-18,3
7142.0,UGT_IOS,Total,2.0,members,1116.0,2026-03-16,2026-03-18,3
7142.0,UGT_IOS,Total,2.0,revenue,1559.2155267574271,2026-03-16,2026-03-18,3
7142.0,UGT_IOS,Tour,1.0,members,1168.0,2026-03-16,2026-03-18,3
7142.0,UGT_IOS,Tour,1.0,revenue,2000.3970020294187,2026-03-16,2026-03-18,3
7142.0,UGT_IOS,Tour,2.0,members,1116.0,2026-03-16,2026-03-18,3
7142.0,UGT_IOS,Tour,2.0,revenue,1126.8740037918092,2026-03-16,2026-03-18,3
7160.0,UGT_ANDROID,Interstitials,1.0,members,4675.0,2026-03-16,2026-03-18,3
7160.0,UGT_ANDROID,Interstitials,1.0,revenue,474.81000397205355,2026-03-16,2026-03-18,3
7160.0,UGT_ANDROID,Interstitials,2.0,members,4620.0,2026-03-16,2026-03-18,3
7160.0,UGT_ANDROID,Interstitials,2.0,revenue,551.3440092086793,2026-03-16,2026-03-18,3
7160.0,UGT_ANDROID,Total,1.0,members,4675.0,2026-03-16,2026-03-18,3
7160.0,UGT_ANDROID,Total,1.0,revenue,1383.0775194346907,2026-03-16,2026-03-18,3
7160.0,UGT_ANDROID,Total,2.0,members,4620.0,2026-03-16,2026-03-18,3
7160.0,UGT_ANDROID,Total,2.0,revenue,1317.4581323664856,2026-03-16,2026-03-18,3
7160.0,UGT_IOS,Interstitials,1.0,members,6137.0,2026-03-16,2026-03-18,3
7160.0,UGT_IOS,Interstitials,1.0,revenue,561.9810002803802,2026-03-16,2026-03-18,3
7160.0,UGT_IOS,Interstitials,2.0,members,5995.0,2026-03-16,2026-03-18,3
7160.0,UGT_IOS,Interstitials,2.0,revenue,1186.850002670288,2026-03-16,2026-03-18,3
7160.0,UGT_IOS,Total,1.0,members,6137.0,2026-03-16,2026-03-18,3
7160.0,UGT_IOS,Total,1.0,revenue,3147.2553774942567,2026-03-16,2026-03-18,3
7160.0,UGT_IOS,Total,2.0,members,5995.0,2026-03-16,2026-03-18,3
7160.0,UGT_IOS,Total,2.0,revenue,3452.056307418715,2026-03-16,2026-03-18,3
7187.0,UGT_ANDROID,Interstitials,1.0,members,7854.0,2026-03-20,2026-03-27,8
7187.0,UGT_ANDROID,Interstitials,1.0,revenue,428.2470066308975,2026-03-20,2026-03-27,8
7187.0,UGT_ANDROID,Interstitials,2.0,members,7891.0,2026-03-20,2026-03-27,8
7187.0,UGT_ANDROID,Interstitials,2.0,revenue,651.4909984111786,2026-03-20,2026-03-27,8
7187.0,UGT_ANDROID,Interstitials,3.0,members,7746.0,2026-03-20,2026-03-27,8
7187.0,UGT_ANDROID,Interstitials,3.0,revenue,1171.1385147452356,2026-03-20,2026-03-27,8
7187.0,UGT_ANDROID,Total,1.0,members,7854.0,2026-03-20,2026-03-27,8
7187.0,UGT_ANDROID,Total,1.0,revenue,1530.042514550686,2026-03-20,2026-03-27,8
7187.0,UGT_ANDROID,Total,2.0,members,7891.0,2026-03-20,2026-03-27,8
7187.0,UGT_ANDROID,Total,2.0,revenue,1521.9349641861247,2026-03-20,2026-03-27,8
7187.0,UGT_ANDROID,Total,3.0,members,7746.0,2026-03-20,2026-03-27,8
7187.0,UGT_ANDROID,Total,3.0,revenue,2206.9663822904326,2026-03-20,2026-03-27,8
7187.0,UGT_IOS,Interstitials,1.0,members,13899.0,2026-03-20,2026-03-27,8
7187.0,UGT_IOS,Interstitials,1.0,revenue,1087.175466002198,2026-03-20,2026-03-27,8
7187.0,UGT_IOS,Interstitials,2.0,members,13872.0,2026-03-20,2026-03-27,8
7187.0,UGT_IOS,Interstitials,2.0,revenue,1834.8259858608249,2026-03-20,2026-03-27,8
7187.0,UGT_IOS,Interstitials,3.0,members,13795.0,2026-03-20,2026-03-27,8
7187.0,UGT_IOS,Interstitials,3.0,revenue,2932.557517051063,2026-03-20,2026-03-27,8
7187.0,UGT_IOS,Total,1.0,members,13899.0,2026-03-20,2026-03-27,8
7187.0,UGT_IOS,Total,1.0,revenue,5291.115192331486,2026-03-20,2026-03-27,8
7187.0,UGT_IOS,Total,2.0,members,13872.0,2026-03-20,2026-03-27,8
7187.0,UGT_IOS,Total,2.0,revenue,7105.918173635254,2026-03-20,2026-03-27,8
7187.0,UGT_IOS,Total,3.0,members,13795.0,2026-03-20,2026-03-27,8
7187.0,UGT_IOS,Total,3.0,revenue,6454.732995307684,2026-03-20,2026-03-27,8
7193.0,UG_WEB,Total,1.0,members,1553.0,2026-03-30,2026-04-02,4
7193.0,UG_WEB,Total,1.0,revenue,2938.569974899292,2026-03-30,2026-04-02,4
7193.0,UG_WEB,Total,2.0,members,1609.0,2026-03-30,2026-04-02,4
7193.0,UG_WEB,Total,2.0,revenue,2924.2399978637695,2026-03-30,2026-04-02,4
7193.0,UG_WEB,Total,3.0,members,1486.0,2026-03-30,2026-04-02,4
7193.0,UG_WEB,Total,3.0,revenue,2104.0999965667725,2026-03-30,2026-04-02,4
7199.0,UG_WEB,Total,1.0,members,2235.0,2026-03-31,2026-04-07,8
7199.0,UG_WEB,Total,1.0,revenue,26807.869785308838,2026-03-31,2026-04-07,8
7199.0,UG_WEB,Total,2.0,members,2311.0,2026-03-31,2026-04-07,8
7199.0,UG_WEB,Total,2.0,revenue,29592.49983358383,2026-03-31,2026-04-07,8
7208.0,UGT_IOS,Total,1.0,members,3101.0,2026-03-27,2026-03-29,3
7208.0,UGT_IOS,Total,1.0,revenue,7004.530158181478,2026-03-27,2026-03-29,3
7208.0,UGT_IOS,Total,2.0,members,3027.0,2026-03-27,2026-03-29,3
7208.0,UGT_IOS,Total,2.0,revenue,5092.849985605479,2026-03-27,2026-03-29,3
7208.0,UGT_IOS,Total,3.0,members,3075.0,2026-03-27,2026-03-29,3
7208.0,UGT_IOS,Total,3.0,revenue,5876.828958550603,2026-03-27,2026-03-29,3
7208.0,UGT_IOS,Tour,1.0,members,3101.0,2026-03-27,2026-03-29,3
7208.0,UGT_IOS,Tour,1.0,revenue,5545.434990453721,2026-03-27,2026-03-29,3
7208.0,UGT_IOS,Tour,2.0,members,3027.0,2026-03-27,2026-03-29,3
7208.0,UGT_IOS,Tour,2.0,revenue,3718.0639759540554,2026-03-27,2026-03-29,3
7208.0,UGT_IOS,Tour,3.0,members,3075.0,2026-03-27,2026-03-29,3
7208.0,UGT_IOS,Tour,3.0,revenue,4114.949949765207,2026-03-27,2026-03-29,3
7211.0,UGT_ANDROID,Total,1.0,members,935.0,2026-03-27,2026-04-14,19
7211.0,UGT_ANDROID,Total,1.0,revenue,5493.847508531809,2026-03-27,2026-04-14,19
7211.0,UGT_ANDROID,Total,2.0,members,998.0,2026-03-27,2026-04-14,19
7211.0,UGT_ANDROID,Total,2.0,revenue,5518.642021870612,2026-03-27,2026-04-14,19
7220.0,UG_WEB,Total,1.0,members,8904.0,2026-03-27,2026-04-07,12
7220.0,UG_WEB,Total,1.0,revenue,576.4500026702881,2026-03-27,2026-04-07,12
7220.0,UG_WEB,Total,2.0,members,8795.0,2026-03-27,2026-04-07,12
7220.0,UG_WEB,Total,2.0,revenue,623.9999895095825,2026-03-27,2026-04-07,12
7229.0,UGT_ANDROID,Splashes,1.0,members,14237.0,2026-04-06,2026-04-17,12
7229.0,UGT_ANDROID,Splashes,1.0,revenue,647.4960025293226,2026-04-06,2026-04-17,12
7229.0,UGT_ANDROID,Splashes,2.0,members,14146.0,2026-04-06,2026-04-17,12
7229.0,UGT_ANDROID,Splashes,2.0,revenue,273.67450509071347,2026-04-06,2026-04-17,12
7229.0,UGT_ANDROID,Splashes,3.0,members,13979.0,2026-04-06,2026-04-17,12
7229.0,UGT_ANDROID,Splashes,3.0,revenue,443.989001750946,2026-04-06,2026-04-17,12
7229.0,UGT_ANDROID,Splashes,4.0,members,14136.0,2026-04-06,2026-04-17,12
7229.0,UGT_ANDROID,Splashes,4.0,revenue,532.8309984922408,2026-04-06,2026-04-17,12
7229.0,UGT_ANDROID,Splashes,5.0,members,13926.0,2026-04-06,2026-04-17,12
7229.0,UGT_ANDROID,Splashes,5.0,revenue,329.9700055122375,2026-04-06,2026-04-17,12
7229.0,UGT_ANDROID,Total,1.0,members,14237.0,2026-04-06,2026-04-17,12
7229.0,UGT_ANDROID,Total,1.0,revenue,4490.9388042352775,2026-04-06,2026-04-17,12
7229.0,UGT_ANDROID,Total,2.0,members,14146.0,2026-04-06,2026-04-17,12
7229.0,UGT_ANDROID,Total,2.0,revenue,4354.788087725638,2026-04-06,2026-04-17,12
7229.0,UGT_ANDROID,Total,3.0,members,13979.0,2026-04-06,2026-04-17,12
7229.0,UGT_ANDROID,Total,3.0,revenue,3667.308068214118,2026-04-06,2026-04-17,12
7229.0,UGT_ANDROID,Total,4.0,members,14136.0,2026-04-06,2026-04-17,12
7229.0,UGT_ANDROID,Total,4.0,revenue,3972.517571091652,2026-04-06,2026-04-17,12
7229.0,UGT_ANDROID,Total,5.0,members,13926.0,2026-04-06,2026-04-17,12
7229.0,UGT_ANDROID,Total,5.0,revenue,3897.063080531359,2026-04-06,2026-04-17,12
7229.0,UGT_IOS,Splashes,1.0,members,15438.0,2026-04-06,2026-04-17,12
7229.0,UGT_IOS,Splashes,1.0,revenue,1563.3114892917142,2026-04-06,2026-04-17,12
7229.0,UGT_IOS,Splashes,2.0,members,15482.0,2026-04-06,2026-04-17,12
7229.0,UGT_IOS,Splashes,2.0,revenue,845.3340191995183,2026-04-06,2026-04-17,12
7229.0,UGT_IOS,Splashes,3.0,members,15379.0,2026-04-06,2026-04-17,12
7229.0,UGT_IOS,Splashes,3.0,revenue,926.4888685451085,2026-04-06,2026-04-17,12
7229.0,UGT_IOS,Splashes,4.0,members,15485.0,2026-04-06,2026-04-17,12
7229.0,UGT_IOS,Splashes,4.0,revenue,883.547024309635,2026-04-06,2026-04-17,12
7229.0,UGT_IOS,Splashes,5.0,members,15480.0,2026-04-06,2026-04-17,12
7229.0,UGT_IOS,Splashes,5.0,revenue,1066.7332117216142,2026-04-06,2026-04-17,12
7229.0,UGT_IOS,Total,1.0,members,15438.0,2026-04-06,2026-04-17,12
7229.0,UGT_IOS,Total,1.0,revenue,12096.731006766604,2026-04-06,2026-04-17,12
7229.0,UGT_IOS,Total,2.0,members,15482.0,2026-04-06,2026-04-17,12
7229.0,UGT_IOS,Total,2.0,revenue,11193.236306938641,2026-04-06,2026-04-17,12
7229.0,UGT_IOS,Total,3.0,members,15379.0,2026-04-06,2026-04-17,12
7229.0,UGT_IOS,Total,3.0,revenue,11059.761810908916,2026-04-06,2026-04-17,12
7229.0,UGT_IOS,Total,4.0,members,15485.0,2026-04-06,2026-04-17,12
7229.0,UGT_IOS,Total,4.0,revenue,12394.611580700146,2026-04-06,2026-04-17,12
7229.0,UGT_IOS,Total,5.0,members,15480.0,2026-04-06,2026-04-17,12
7229.0,UGT_IOS,Total,5.0,revenue,13266.248484140897,2026-04-06,2026-04-17,12
7232.0,UG_WEB,Total,1.0,members,25160.0,2026-04-07,2026-04-09,3
7232.0,UG_WEB,Total,1.0,revenue,1164.7999858856201,2026-04-07,2026-04-09,3
7232.0,UG_WEB,Total,2.0,members,25211.0,2026-04-07,2026-04-09,3
7232.0,UG_WEB,Total,2.0,revenue,1084.6900005340576,2026-04-07,2026-04-09,3
7235.0,UG_WEB,Total,1.0,members,1366.0,2026-04-03,2026-04-07,5
7235.0,UG_WEB,Total,1.0,revenue,19028.039865493774,2026-04-03,2026-04-07,5
7235.0,UG_WEB,Total,2.0,members,1365.0,2026-04-03,2026-04-07,5
7235.0,UG_WEB,Total,2.0,revenue,13744.289911270142,2026-04-03,2026-04-07,5
7238.0,UG_WEB,Total,1.0,members,3335.0,2026-04-16,2026-04-22,7
7238.0,UG_WEB,Total,1.0,revenue,3564.1599979400635,2026-04-16,2026-04-22,7
7238.0,UG_WEB,Total,2.0,members,3308.0,2026-04-16,2026-04-22,7
7238.0,UG_WEB,Total,2.0,revenue,3385.3099822998047,2026-04-16,2026-04-22,7
7241.0,UG_WEB,Total,1.0,members,1112.0,2026-04-08,2026-04-29,22
7241.0,UG_WEB,Total,1.0,revenue,9574.989868164062,2026-04-08,2026-04-29,22
7241.0,UG_WEB,Total,2.0,members,1117.0,2026-04-08,2026-04-29,22
7241.0,UG_WEB,Total,2.0,revenue,11360.069890975952,2026-04-08,2026-04-29,22
7256.0,UGT_ANDROID,Official tabs,1.0,members,1544.0,2026-04-10,2026-04-14,5
7256.0,UGT_ANDROID,Official tabs,1.0,revenue,67.98300285339356,2026-04-10,2026-04-14,5
7256.0,UGT_ANDROID,Official tabs,2.0,members,1614.0,2026-04-10,2026-04-14,5
7256.0,UGT_ANDROID,Official tabs,2.0,revenue,151.37650489634234,2026-04-10,2026-04-14,5
7256.0,UGT_ANDROID,Total,1.0,members,1544.0,2026-04-10,2026-04-14,5
7256.0,UGT_ANDROID,Total,1.0,revenue,345.95000689029695,2026-04-10,2026-04-14,5
7256.0,UGT_ANDROID,Total,2.0,members,1614.0,2026-04-10,2026-04-14,5
7256.0,UGT_ANDROID,Total,2.0,revenue,374.81601168936453,2026-04-10,2026-04-14,5
7256.0,UGT_IOS,Official tabs,1.0,members,4510.0,2026-04-10,2026-04-14,5
7256.0,UGT_IOS,Official tabs,1.0,revenue,817.4320105075835,2026-04-10,2026-04-14,5
7256.0,UGT_IOS,Official tabs,2.0,members,4514.0,2026-04-10,2026-04-14,5
7256.0,UGT_IOS,Official tabs,2.0,revenue,918.071008825302,2026-04-10,2026-04-14,5
7256.0,UGT_IOS,Total,1.0,members,4510.0,2026-04-10,2026-04-14,5
7256.0,UGT_IOS,Total,1.0,revenue,3321.2688983469134,2026-04-10,2026-04-14,5
7256.0,UGT_IOS,Total,2.0,members,4514.0,2026-04-10,2026-04-14,5
7256.0,UGT_IOS,Total,2.0,revenue,3553.80615276808,2026-04-10,2026-04-14,5
7265.0,UGT_IOS,Total,1.0,members,15377.0,2026-04-10,2026-04-17,8
7265.0,UGT_IOS,Total,1.0,revenue,31027.940302432926,2026-04-10,2026-04-17,8
7265.0,UGT_IOS,Total,2.0,members,15307.0,2026-04-10,2026-04-17,8
7265.0,UGT_IOS,Total,2.0,revenue,30150.25381707379,2026-04-10,2026-04-17,8
7268.0,UG_WEB,Total,1.0,members,66365.0,2026-04-09,2026-04-29,21
7268.0,UG_WEB,Total,1.0,revenue,80000.63941860199,2026-04-09,2026-04-29,21
7268.0,UG_WEB,Total,2.0,members,66992.0,2026-04-09,2026-04-29,21
7268.0,UG_WEB,Total,2.0,revenue,84458.67006492615,2026-04-09,2026-04-29,21
7280.0,UGT_IOS,Total,1.0,members,12818.0,2026-05-11,2026-05-25,15
7280.0,UGT_IOS,Total,1.0,revenue,8283.174395852542,2026-05-11,2026-05-25,15
7280.0,UGT_IOS,Total,2.0,members,12998.0,2026-05-11,2026-05-25,15
7280.0,UGT_IOS,Total,2.0,revenue,9270.947929094753,2026-05-11,2026-05-25,15
7280.0,UGT_IOS,Tour,1.0,members,12818.0,2026-05-11,2026-05-25,15
7280.0,UGT_IOS,Tour,1.0,revenue,1890.4620225906372,2026-05-11,2026-05-25,15
7280.0,UGT_IOS,Tour,2.0,members,12998.0,2026-05-11,2026-05-25,15
7280.0,UGT_IOS,Tour,2.0,revenue,3245.07409825325,2026-05-11,2026-05-25,15
7289.0,UGT_ANDROID,Interstitials,1.0,members,64300.0,2026-04-18,2026-05-04,17
7289.0,UGT_ANDROID,Interstitials,1.0,revenue,3322.8760316007997,2026-04-18,2026-05-04,17
7289.0,UGT_ANDROID,Interstitials,2.0,members,64714.0,2026-04-18,2026-05-04,17
7289.0,UGT_ANDROID,Interstitials,2.0,revenue,3481.2489314342893,2026-04-18,2026-05-04,17
7289.0,UGT_ANDROID,Total,1.0,members,64300.0,2026-04-18,2026-05-04,17
7289.0,UGT_ANDROID,Total,1.0,revenue,19323.386339077366,2026-04-18,2026-05-04,17
7289.0,UGT_ANDROID,Total,2.0,members,64714.0,2026-04-18,2026-05-04,17
7289.0,UGT_ANDROID,Total,2.0,revenue,20997.896724531645,2026-04-18,2026-05-04,17
7289.0,UGT_IOS,Interstitials,1.0,members,69637.0,2026-04-18,2026-05-04,17
7289.0,UGT_IOS,Interstitials,1.0,revenue,8957.902881979824,2026-04-18,2026-05-04,17
7289.0,UGT_IOS,Interstitials,2.0,members,69904.0,2026-04-18,2026-05-04,17
7289.0,UGT_IOS,Interstitials,2.0,revenue,8397.522325029713,2026-04-18,2026-05-04,17
7289.0,UGT_IOS,Total,1.0,members,69637.0,2026-04-18,2026-05-04,17
7289.0,UGT_IOS,Total,1.0,revenue,46692.204070370804,2026-04-18,2026-05-04,17
7289.0,UGT_IOS,Total,2.0,members,69904.0,2026-04-18,2026-05-04,17
7289.0,UGT_IOS,Total,2.0,revenue,48627.71982332811,2026-04-18,2026-05-04,17
7304.0,UG_WEB,Total,1.0,members,25673.0,2026-04-22,2026-04-29,8
7304.0,UG_WEB,Total,1.0,revenue,29772.729721546173,2026-04-22,2026-04-29,8
7304.0,UG_WEB,Total,2.0,members,25699.0,2026-04-22,2026-04-29,8
7304.0,UG_WEB,Total,2.0,revenue,29712.359615325928,2026-04-22,2026-04-29,8
7316.0,UGT_ANDROID,Total,1.0,members,20244.0,2026-04-27,2026-05-04,8
7316.0,UGT_ANDROID,Total,1.0,revenue,4941.348031451913,2026-04-27,2026-05-04,8
7316.0,UGT_ANDROID,Total,2.0,members,20010.0,2026-04-27,2026-05-04,8
7316.0,UGT_ANDROID,Total,2.0,revenue,4041.8315094464688,2026-04-27,2026-05-04,8
7316.0,UGT_ANDROID,Total,3.0,members,19760.0,2026-04-27,2026-05-04,8
7316.0,UGT_ANDROID,Total,3.0,revenue,4957.995095516938,2026-04-27,2026-05-04,8
7316.0,UGT_IOS,Splashes,1.0,members,18046.0,2026-04-27,2026-05-05,9
7316.0,UGT_IOS,Splashes,1.0,revenue,1221.423852988129,2026-04-27,2026-05-05,9
7316.0,UGT_IOS,Splashes,2.0,members,18123.0,2026-04-27,2026-05-05,9
7316.0,UGT_IOS,Splashes,2.0,revenue,715.6519957542419,2026-04-27,2026-05-05,9
7316.0,UGT_IOS,Splashes,3.0,members,18302.0,2026-04-27,2026-05-05,9
7316.0,UGT_IOS,Splashes,3.0,revenue,694.8129945158958,2026-04-27,2026-05-05,9
7316.0,UGT_IOS,Total,1.0,members,18046.0,2026-04-27,2026-05-05,9
7316.0,UGT_IOS,Total,1.0,revenue,14221.987049266661,2026-04-27,2026-05-05,9
7316.0,UGT_IOS,Total,2.0,members,18123.0,2026-04-27,2026-05-05,9
7316.0,UGT_IOS,Total,2.0,revenue,14133.167166382938,2026-04-27,2026-05-05,9
7316.0,UGT_IOS,Total,3.0,members,18302.0,2026-04-27,2026-05-05,9
7316.0,UGT_IOS,Total,3.0,revenue,14134.455804204648,2026-04-27,2026-05-05,9
7328.0,UG_WEB,Total,1.0,members,2831.0,2026-05-04,2026-05-11,8
7328.0,UG_WEB,Total,1.0,revenue,31998.67976951599,2026-05-04,2026-05-11,8
7328.0,UG_WEB,Total,2.0,members,2860.0,2026-05-04,2026-05-11,8
7328.0,UG_WEB,Total,2.0,revenue,35637.42975139618,2026-05-04,2026-05-11,8
7328.0,UG_WEB,Total,3.0,members,2880.0,2026-05-04,2026-05-11,8
7328.0,UG_WEB,Total,3.0,revenue,36800.58972930908,2026-05-04,2026-05-11,8
7331.0,UG_WEB,Total,1.0,members,2666.0,2026-04-29,2026-05-03,5
7331.0,UG_WEB,Total,1.0,revenue,224.96000289916992,2026-04-29,2026-05-03,5
7331.0,UG_WEB,Total,2.0,members,2812.0,2026-04-29,2026-05-03,5
7331.0,UG_WEB,Total,2.0,revenue,153.22999954223633,2026-04-29,2026-05-03,5
7334.0,UGT_IOS,Total,1.0,members,15736.0,2026-05-04,2026-05-11,8
7334.0,UGT_IOS,Total,1.0,revenue,29659.875968961875,2026-05-04,2026-05-11,8
7334.0,UGT_IOS,Total,2.0,members,15721.0,2026-05-04,2026-05-11,8
7334.0,UGT_IOS,Total,2.0,revenue,26647.87708813052,2026-05-04,2026-05-11,8
7334.0,UGT_IOS,Tour,1.0,members,15736.0,2026-05-04,2026-05-11,8
7334.0,UGT_IOS,Tour,1.0,revenue,21767.10891947746,2026-05-04,2026-05-11,8
7334.0,UGT_IOS,Tour,2.0,members,15721.0,2026-05-04,2026-05-11,8
7334.0,UGT_IOS,Tour,2.0,revenue,19379.1624715209,2026-05-04,2026-05-11,8
7355.0,UGT_ANDROID,Official tabs,1.0,members,8388.0,2026-05-04,2026-05-12,9
7355.0,UGT_ANDROID,Official tabs,1.0,revenue,409.1578401120313,2026-05-04,2026-05-12,9
7355.0,UGT_ANDROID,Official tabs,2.0,members,8300.0,2026-05-04,2026-05-12,9
7355.0,UGT_ANDROID,Official tabs,2.0,revenue,683.9865105867386,2026-05-04,2026-05-12,9
7355.0,UGT_ANDROID,Total,1.0,members,8388.0,2026-05-04,2026-05-12,9
7355.0,UGT_ANDROID,Total,1.0,revenue,1992.3048465469267,2026-05-04,2026-05-12,9
7355.0,UGT_ANDROID,Total,2.0,members,8300.0,2026-05-04,2026-05-12,9
7355.0,UGT_ANDROID,Total,2.0,revenue,1978.3920282585023,2026-05-04,2026-05-12,9
7355.0,UGT_IOS,Official tabs,1.0,members,8806.0,2026-05-04,2026-05-12,9
7355.0,UGT_IOS,Official tabs,1.0,revenue,1349.586021709442,2026-05-04,2026-05-12,9
7355.0,UGT_IOS,Official tabs,2.0,members,8737.0,2026-05-04,2026-05-12,9
7355.0,UGT_IOS,Official tabs,2.0,revenue,2761.052047741413,2026-05-04,2026-05-12,9
7355.0,UGT_IOS,Total,1.0,members,8806.0,2026-05-04,2026-05-12,9
7355.0,UGT_IOS,Total,1.0,revenue,6947.873472339664,2026-05-04,2026-05-12,9
7355.0,UGT_IOS,Total,2.0,members,8737.0,2026-05-04,2026-05-12,9
7355.0,UGT_IOS,Total,2.0,revenue,7583.814122739938,2026-05-04,2026-05-12,9
7361.0,UGT_ANDROID,Total,1.0,members,8158.0,2026-05-04,2026-05-12,9
7361.0,UGT_ANDROID,Total,1.0,revenue,4790.565043878554,2026-05-04,2026-05-12,9
7361.0,UGT_ANDROID,Total,2.0,members,8317.0,2026-05-04,2026-05-12,9
7361.0,UGT_ANDROID,Total,2.0,revenue,5036.546551239491,2026-05-04,2026-05-12,9
7361.0,UGT_ANDROID,Total,3.0,members,8295.0,2026-05-04,2026-05-12,9
7361.0,UGT_ANDROID,Total,3.0,revenue,4926.377563107014,2026-05-04,2026-05-12,9
7361.0,UGT_ANDROID,Winbacks,1.0,members,8158.0,2026-05-04,2026-05-12,9
7361.0,UGT_ANDROID,Winbacks,1.0,revenue,631.5500085115433,2026-05-04,2026-05-12,9
7361.0,UGT_ANDROID,Winbacks,2.0,members,8317.0,2026-05-04,2026-05-12,9
7361.0,UGT_ANDROID,Winbacks,2.0,revenue,1331.9670084953307,2026-05-04,2026-05-12,9
7361.0,UGT_ANDROID,Winbacks,3.0,members,8295.0,2026-05-04,2026-05-12,9
7361.0,UGT_ANDROID,Winbacks,3.0,revenue,1151.5775129556655,2026-05-04,2026-05-12,9
7361.0,UGT_IOS,Total,1.0,members,25117.0,2026-05-04,2026-05-12,9
7361.0,UGT_IOS,Total,1.0,revenue,18667.729482976698,2026-05-04,2026-05-12,9
7361.0,UGT_IOS,Total,2.0,members,25031.0,2026-05-04,2026-05-12,9
7361.0,UGT_IOS,Total,2.0,revenue,19474.232614828947,2026-05-04,2026-05-12,9
7361.0,UGT_IOS,Total,3.0,members,25082.0,2026-05-04,2026-05-12,9
7361.0,UGT_IOS,Total,3.0,revenue,19517.91203287291,2026-05-04,2026-05-12,9
7361.0,UGT_IOS,Winbacks,1.0,members,25118.0,2026-05-04,2026-05-12,9
7361.0,UGT_IOS,Winbacks,1.0,revenue,1954.687025260925,2026-05-04,2026-05-12,9
7361.0,UGT_IOS,Winbacks,2.0,members,25031.0,2026-05-04,2026-05-12,9
7361.0,UGT_IOS,Winbacks,2.0,revenue,2277.961041736603,2026-05-04,2026-05-12,9
7361.0,UGT_IOS,Winbacks,3.0,members,25082.0,2026-05-04,2026-05-12,9
7361.0,UGT_IOS,Winbacks,3.0,revenue,2140.124036836624,2026-05-04,2026-05-12,9
7379.0,UGT_ANDROID,Floating Splash,1.0,members,22748.0,2026-05-12,2026-05-14,3
7379.0,UGT_ANDROID,Floating Splash,1.0,revenue,259.59849987030026,2026-05-12,2026-05-14,3
7379.0,UGT_ANDROID,Floating Splash,2.0,members,22917.0,2026-05-12,2026-05-14,3
7379.0,UGT_ANDROID,Floating Splash,2.0,revenue,27.420999383926393,2026-05-12,2026-05-14,3
7379.0,UGT_ANDROID,Total,1.0,members,22748.0,2026-05-12,2026-05-14,3
7379.0,UGT_ANDROID,Total,1.0,revenue,2321.2990256888265,2026-05-12,2026-05-14,3
7379.0,UGT_ANDROID,Total,2.0,members,22917.0,2026-05-12,2026-05-14,3
7379.0,UGT_ANDROID,Total,2.0,revenue,2560.8807211666863,2026-05-12,2026-05-14,3
7379.0,UGT_IOS,Floating Splash,1.0,members,38305.0,2026-05-12,2026-05-14,3
7379.0,UGT_IOS,Floating Splash,1.0,revenue,886.7390075802803,2026-05-12,2026-05-14,3
7379.0,UGT_IOS,Floating Splash,2.0,members,38538.0,2026-05-12,2026-05-14,3
7379.0,UGT_IOS,Floating Splash,2.0,revenue,139.30000133514403,2026-05-12,2026-05-14,3
7379.0,UGT_IOS,Total,1.0,members,38305.0,2026-05-12,2026-05-14,3
7379.0,UGT_IOS,Total,1.0,revenue,8766.895218643338,2026-05-12,2026-05-14,3
7379.0,UGT_IOS,Total,2.0,members,38538.0,2026-05-12,2026-05-14,3
7379.0,UGT_IOS,Total,2.0,revenue,7961.043893870046,2026-05-12,2026-05-14,3
7382.0,UG_WEB,Total,1.0,members,13897.0,2026-05-14,2026-05-21,8
7382.0,UG_WEB,Total,1.0,revenue,429.12999534606934,2026-05-14,2026-05-21,8
7382.0,UG_WEB,Total,2.0,members,13958.0,2026-05-14,2026-05-21,8
7382.0,UG_WEB,Total,2.0,revenue,1090.6199932098389,2026-05-14,2026-05-21,8
7394.0,UG_WEB,Pro,1.0,members,7144.0,2026-04-29,2026-05-08,10
7394.0,UG_WEB,Pro,1.0,revenue,55704.3095664978,2026-04-29,2026-05-08,10
7394.0,UG_WEB,Pro,2.0,members,7183.0,2026-04-29,2026-05-08,10
7394.0,UG_WEB,Pro,2.0,revenue,59372.86948108673,2026-04-29,2026-05-08,10
7394.0,UG_WEB,Relaunch,1.0,members,2030.0,2026-05-06,2026-05-08,3
7394.0,UG_WEB,Relaunch,1.0,revenue,17215.369912147522,2026-05-06,2026-05-08,3
7394.0,UG_WEB,Relaunch,2.0,members,1975.0,2026-05-06,2026-05-08,3
7394.0,UG_WEB,Relaunch,2.0,revenue,18656.569867134094,2026-05-06,2026-05-08,3
7394.0,UG_WEB,Total,1.0,members,7144.0,2026-04-29,2026-05-08,10
7394.0,UG_WEB,Total,1.0,revenue,70531.99951076508,2026-04-29,2026-05-08,10
7394.0,UG_WEB,Total,2.0,members,7183.0,2026-04-29,2026-05-08,10
7394.0,UG_WEB,Total,2.0,revenue,71054.96939563751,2026-04-29,2026-05-08,10
7430.0,UG_WEB,Total,1.0,members,67285.0,2026-05-12,2026-05-19,8
7430.0,UG_WEB,Total,1.0,revenue,22278.189825057983,2026-05-12,2026-05-19,8
7430.0,UG_WEB,Total,2.0,members,66577.0,2026-05-12,2026-05-19,8
7430.0,UG_WEB,Total,2.0,revenue,23876.72986125946,2026-05-12,2026-05-19,8
7433.0,UG_WEB,Total,1.0,members,426.0,2026-05-11,2026-05-25,15
7433.0,UG_WEB,Total,1.0,revenue,124.9799976348877,2026-05-11,2026-05-25,15
7433.0,UG_WEB,Total,2.0,members,357.0,2026-05-11,2026-05-25,15
7433.0,UG_WEB,Total,2.0,revenue,458.85999870300293,2026-05-11,2026-05-25,15
7454.0,UGT_ANDROID,Free,1.0,members,81187.0,2026-05-18,2026-05-27,10
7454.0,UGT_ANDROID,Free,1.0,revenue,9627.835288975895,2026-05-18,2026-05-27,10
7454.0,UGT_ANDROID,Free,2.0,members,80724.0,2026-05-18,2026-05-27,10
7454.0,UGT_ANDROID,Free,2.0,revenue,9816.799827472627,2026-05-18,2026-05-27,10
7454.0,UGT_ANDROID,Interstitials,1.0,members,81189.0,2026-05-18,2026-05-27,10
7454.0,UGT_ANDROID,Interstitials,1.0,revenue,2351.807284374296,2026-05-18,2026-05-27,10
7454.0,UGT_ANDROID,Interstitials,2.0,members,80724.0,2026-05-18,2026-05-27,10
7454.0,UGT_ANDROID,Interstitials,2.0,revenue,2347.700026294589,2026-05-18,2026-05-27,10
7454.0,UGT_ANDROID,Total,1.0,members,81193.0,2026-05-18,2026-05-27,10
7454.0,UGT_ANDROID,Total,1.0,revenue,9627.835288975895,2026-05-18,2026-05-27,10
7454.0,UGT_ANDROID,Total,2.0,members,80733.0,2026-05-18,2026-05-27,10
7454.0,UGT_ANDROID,Total,2.0,revenue,9816.799827472627,2026-05-18,2026-05-27,10
7454.0,UGT_IOS,Free,1.0,members,14674.0,2026-05-18,2026-05-25,8
7454.0,UGT_IOS,Free,1.0,revenue,5900.173364269661,2026-05-18,2026-05-25,8
7454.0,UGT_IOS,Free,2.0,members,14293.0,2026-05-18,2026-05-25,8
7454.0,UGT_IOS,Free,2.0,revenue,5018.953534511237,2026-05-18,2026-05-25,8
7454.0,UGT_IOS,Interstitials,1.0,members,14674.0,2026-05-18,2026-05-25,8
7454.0,UGT_IOS,Interstitials,1.0,revenue,1045.8248643492739,2026-05-18,2026-05-25,8
7454.0,UGT_IOS,Interstitials,2.0,members,14293.0,2026-05-18,2026-05-25,8
7454.0,UGT_IOS,Interstitials,2.0,revenue,603.6717543005943,2026-05-18,2026-05-25,8
7454.0,UGT_IOS,Total,1.0,members,14674.0,2026-05-18,2026-05-25,8
7454.0,UGT_IOS,Total,1.0,revenue,5900.173364269661,2026-05-18,2026-05-25,8
7454.0,UGT_IOS,Total,2.0,members,14293.0,2026-05-18,2026-05-25,8
7454.0,UGT_IOS,Total,2.0,revenue,5018.953534511237,2026-05-18,2026-05-25,8
7460.0,UG_WEB,Total,1.0,members,229285.0,2026-05-20,2026-05-27,8
7460.0,UG_WEB,Total,1.0,revenue,51918.290004730225,2026-05-20,2026-05-27,8
7460.0,UG_WEB,Total,2.0,members,229229.0,2026-05-20,2026-05-27,8
7460.0,UG_WEB,Total,2.0,revenue,54958.24000072479,2026-05-20,2026-05-27,8
7466.0,UGT_ANDROID,Total,1.0,members,29571.0,2026-05-26,2026-06-11,17
7466.0,UGT_ANDROID,Total,1.0,revenue,27782.35662478884,2026-05-26,2026-06-11,17
7466.0,UGT_ANDROID,Total,2.0,members,29504.0,2026-05-26,2026-06-11,17
7466.0,UGT_ANDROID,Total,2.0,revenue,28420.75601739383,2026-05-26,2026-06-11,17
7466.0,UGT_ANDROID,Tour,1.0,members,29571.0,2026-05-26,2026-06-11,17
7466.0,UGT_ANDROID,Tour,1.0,revenue,19674.720567804576,2026-05-26,2026-06-11,17
7466.0,UGT_ANDROID,Tour,2.0,members,29504.0,2026-05-26,2026-06-11,17
7466.0,UGT_ANDROID,Tour,2.0,revenue,21405.63009955287,2026-05-26,2026-06-11,17
7466.0,UGT_IOS,Total,1.0,members,26082.0,2026-05-26,2026-06-11,17
7466.0,UGT_IOS,Total,1.0,revenue,60817.238359608884,2026-05-26,2026-06-11,17
7466.0,UGT_IOS,Total,2.0,members,26067.0,2026-05-26,2026-06-11,17
7466.0,UGT_IOS,Total,2.0,revenue,65852.74251165114,2026-05-26,2026-06-11,17
7466.0,UGT_IOS,Tour,1.0,members,26082.0,2026-05-26,2026-06-11,17
7466.0,UGT_IOS,Tour,1.0,revenue,46713.2887629986,2026-05-26,2026-06-11,17
7466.0,UGT_IOS,Tour,2.0,members,26067.0,2026-05-26,2026-06-11,17
7466.0,UGT_IOS,Tour,2.0,revenue,50390.58476097583,2026-05-26,2026-06-11,17
7472.0,UG_WEB,Courses,1.0,members,8135.0,2026-05-20,2026-06-29,41
7472.0,UG_WEB,Courses,1.0,revenue,4401.170040130615,2026-05-20,2026-06-29,41
7472.0,UG_WEB,Courses,2.0,members,8346.0,2026-05-20,2026-06-29,41
7472.0,UG_WEB,Courses,2.0,revenue,3996.1500720977783,2026-05-20,2026-06-29,41
7472.0,UG_WEB,Total,1.0,members,8135.0,2026-05-20,2026-06-29,41
7472.0,UG_WEB,Total,1.0,revenue,8608.210057258606,2026-05-20,2026-06-29,41
7472.0,UG_WEB,Total,2.0,members,8346.0,2026-05-20,2026-06-29,41
7472.0,UG_WEB,Total,2.0,revenue,7563.780083656311,2026-05-20,2026-06-29,41
7475.0,UG_WEB,Songbooks,1.0,members,7592.0,2026-05-20,2026-06-23,35
7475.0,UG_WEB,Songbooks,1.0,revenue,2359.5700149536133,2026-05-20,2026-06-23,35
7475.0,UG_WEB,Songbooks,2.0,members,7725.0,2026-05-20,2026-06-23,35
7475.0,UG_WEB,Songbooks,2.0,revenue,1425.6700277328491,2026-05-20,2026-06-23,35
7475.0,UG_WEB,Total,1.0,members,7592.0,2026-05-20,2026-06-23,35
7475.0,UG_WEB,Total,1.0,revenue,6313.290008544922,2026-05-20,2026-06-23,35
7475.0,UG_WEB,Total,2.0,members,7725.0,2026-05-20,2026-06-23,35
7475.0,UG_WEB,Total,2.0,revenue,4373.870028495789,2026-05-20,2026-06-23,35
7478.0,UGT_IOS,Total,1.0,members,2243.0,2026-05-28,2026-05-29,2
7478.0,UGT_IOS,Total,1.0,revenue,4032.1583080291775,2026-05-28,2026-05-29,2
7478.0,UGT_IOS,Total,2.0,members,2258.0,2026-05-28,2026-05-29,2
7478.0,UGT_IOS,Total,2.0,revenue,3629.5789999723447,2026-05-28,2026-05-29,2
7478.0,UGT_IOS,Tour,1.0,members,2243.0,2026-05-28,2026-05-29,2
7478.0,UGT_IOS,Tour,1.0,revenue,2969.4209671020517,2026-05-28,2026-05-29,2
7478.0,UGT_IOS,Tour,2.0,members,2258.0,2026-05-28,2026-05-29,2
7478.0,UGT_IOS,Tour,2.0,revenue,2408.8259755134586,2026-05-28,2026-05-29,2
7487.0,UGT_ANDROID,Total,1.0,members,3566.0,2026-05-26,2026-06-12,18
7487.0,UGT_ANDROID,Total,1.0,revenue,1457.9705154895782,2026-05-26,2026-06-12,18
7487.0,UGT_ANDROID,Total,2.0,members,3602.0,2026-05-26,2026-06-12,18
7487.0,UGT_ANDROID,Total,2.0,revenue,1814.2570116281508,2026-05-26,2026-06-12,18
7487.0,UGT_ANDROID,Winbacks,1.0,members,3566.0,2026-05-26,2026-06-12,18
7487.0,UGT_ANDROID,Winbacks,1.0,revenue,533.2390033721924,2026-05-26,2026-06-12,18
7487.0,UGT_ANDROID,Winbacks,2.0,members,3602.0,2026-05-26,2026-06-12,18
7487.0,UGT_ANDROID,Winbacks,2.0,revenue,669.4855033397673,2026-05-26,2026-06-12,18
7487.0,UGT_IOS,Total,1.0,members,9934.0,2026-05-22,2026-06-12,22
7487.0,UGT_IOS,Total,1.0,revenue,4139.717689704895,2026-05-22,2026-06-12,22
7487.0,UGT_IOS,Total,2.0,members,9754.0,2026-05-22,2026-06-12,22
7487.0,UGT_IOS,Total,2.0,revenue,4463.122010952234,2026-05-22,2026-06-12,22
7487.0,UGT_IOS,Winbacks,1.0,members,9934.0,2026-05-22,2026-06-12,22
7487.0,UGT_IOS,Winbacks,1.0,revenue,480.4590139389038,2026-05-22,2026-06-12,22
7487.0,UGT_IOS,Winbacks,2.0,members,9754.0,2026-05-22,2026-06-12,22
7487.0,UGT_IOS,Winbacks,2.0,revenue,1449.8539965152738,2026-05-22,2026-06-12,22
7493.0,UGT_ANDROID,Inner Paywalls,1.0,members,20227.0,2026-05-26,2026-05-29,4
7493.0,UGT_ANDROID,Inner Paywalls,1.0,revenue,4997.196092692018,2026-05-26,2026-05-29,4
7493.0,UGT_ANDROID,Inner Paywalls,2.0,members,20037.0,2026-05-26,2026-05-29,4
7493.0,UGT_ANDROID,Inner Paywalls,2.0,revenue,4215.19515219927,2026-05-26,2026-05-29,4
7493.0,UGT_ANDROID,Paid Tour,1.0,members,1728.0,2026-05-26,2026-05-29,4
7493.0,UGT_ANDROID,Paid Tour,1.0,revenue,1080.026995241642,2026-05-26,2026-05-29,4
7493.0,UGT_ANDROID,Paid Tour,2.0,members,1718.0,2026-05-26,2026-05-29,4
7493.0,UGT_ANDROID,Paid Tour,2.0,revenue,809.3530041098594,2026-05-26,2026-05-29,4
7493.0,UGT_ANDROID,Total,1.0,members,20227.0,2026-05-26,2026-05-29,4
7493.0,UGT_ANDROID,Total,1.0,revenue,8663.348113670945,2026-05-26,2026-05-29,4
7493.0,UGT_ANDROID,Total,2.0,members,20037.0,2026-05-26,2026-05-29,4
7493.0,UGT_ANDROID,Total,2.0,revenue,7130.695165371896,2026-05-26,2026-05-29,4
7493.0,UGT_ANDROID,Tour,1.0,members,20227.0,2026-05-26,2026-05-29,4
7493.0,UGT_ANDROID,Tour,1.0,revenue,3666.1520209789282,2026-05-26,2026-05-29,4
7493.0,UGT_ANDROID,Tour,2.0,members,20037.0,2026-05-26,2026-05-29,4
7493.0,UGT_ANDROID,Tour,2.0,revenue,2915.5000131726274,2026-05-26,2026-05-29,4
7496.0,UGT_IOS,Features,1.0,members,26761.0,2026-06-02,2026-06-14,13
7496.0,UGT_IOS,Features,1.0,revenue,15812.028574627147,2026-06-02,2026-06-14,13
7496.0,UGT_IOS,Features,2.0,members,26511.0,2026-06-02,2026-06-14,13
7496.0,UGT_IOS,Features,2.0,revenue,15272.456742143379,2026-06-02,2026-06-14,13
7496.0,UGT_IOS,Total,1.0,members,26761.0,2026-06-02,2026-06-14,13
7496.0,UGT_IOS,Total,1.0,revenue,55565.11224868841,2026-06-02,2026-06-14,13
7496.0,UGT_IOS,Total,2.0,members,26511.0,2026-06-02,2026-06-14,13
7496.0,UGT_IOS,Total,2.0,revenue,58815.20212712256,2026-06-02,2026-06-14,13
7496.0,UGT_IOS,Tour,1.0,members,26761.0,2026-06-02,2026-06-14,13
7496.0,UGT_IOS,Tour,1.0,revenue,39753.083674061294,2026-06-02,2026-06-14,13
7496.0,UGT_IOS,Tour,2.0,members,26511.0,2026-06-02,2026-06-14,13
7496.0,UGT_IOS,Tour,2.0,revenue,43542.745384979244,2026-06-02,2026-06-14,13
7502.0,UG_WEB,Total,1.0,members,18848.0,2026-05-27,2026-06-08,13
7502.0,UG_WEB,Total,1.0,revenue,28827.760066986084,2026-05-27,2026-06-08,13
7502.0,UG_WEB,Total,2.0,members,18542.0,2026-05-27,2026-06-08,13
7502.0,UG_WEB,Total,2.0,revenue,25786.269991874695,2026-05-27,2026-06-08,13
7502.0,UG_WEB,Total,3.0,members,10702.0,2026-05-27,2026-06-08,13
7502.0,UG_WEB,Total,3.0,revenue,14360.690002441406,2026-05-27,2026-06-08,13
7505.0,UG_WEB,Pro Free,1.0,members,31515.0,2026-05-26,2026-06-05,11
7505.0,UG_WEB,Pro Free,1.0,revenue,37706.33006000519,2026-05-26,2026-06-05,11
7505.0,UG_WEB,Pro Free,2.0,members,31427.0,2026-05-26,2026-06-05,11
7505.0,UG_WEB,Pro Free,2.0,revenue,39411.35997962952,2026-05-26,2026-06-05,11
7505.0,UG_WEB,Total,1.0,members,32852.0,2026-05-26,2026-06-05,11
7505.0,UG_WEB,Total,1.0,revenue,38661.310072898865,2026-05-26,2026-06-05,11
7505.0,UG_WEB,Total,2.0,members,32722.0,2026-05-26,2026-06-05,11
7505.0,UG_WEB,Total,2.0,revenue,40169.10998725891,2026-05-26,2026-06-05,11
7523.0,UG_WEB,Total,1.0,members,5859.0,2026-06-05,2026-06-18,14
7523.0,UG_WEB,Total,1.0,revenue,62969.490193367004,2026-06-05,2026-06-18,14
7523.0,UG_WEB,Total,2.0,members,6003.0,2026-06-05,2026-06-18,14
7523.0,UG_WEB,Total,2.0,revenue,64032.86029338837,2026-06-05,2026-06-18,14
7535.0,UG_WEB,Total,1.0,members,4117.0,2026-06-05,2026-06-22,18
7535.0,UG_WEB,Total,1.0,revenue,30341.84974002838,2026-06-05,2026-06-22,18
7535.0,UG_WEB,Total,2.0,members,4082.0,2026-06-05,2026-06-22,18
7535.0,UG_WEB,Total,2.0,revenue,33793.980197906494,2026-06-05,2026-06-22,18
7547.0,UGT_ANDROID,Total,1.0,members,161727.0,2026-06-12,2026-06-17,6
7547.0,UGT_ANDROID,Total,1.0,revenue,14490.352999314673,2026-06-12,2026-06-17,6
7547.0,UGT_ANDROID,Total,2.0,members,169353.0,2026-06-12,2026-06-17,6
7547.0,UGT_ANDROID,Total,2.0,revenue,15255.956430588369,2026-06-12,2026-06-17,6
7547.0,UGT_IOS,Total,1.0,members,207209.0,2026-06-12,2026-06-17,6
7547.0,UGT_IOS,Total,1.0,revenue,25981.16106541071,2026-06-12,2026-06-17,6
7547.0,UGT_IOS,Total,2.0,members,221739.0,2026-06-12,2026-06-17,6
7547.0,UGT_IOS,Total,2.0,revenue,26761.22984939568,2026-06-12,2026-06-17,6
7559.0,UG_WEB,Total,1.0,members,39290.0,2026-06-10,2026-06-18,9
7559.0,UG_WEB,Total,1.0,revenue,13569.040043830872,2026-06-10,2026-06-18,9
7559.0,UG_WEB,Total,2.0,members,39468.0,2026-06-10,2026-06-18,9
7559.0,UG_WEB,Total,2.0,revenue,13867.920063972473,2026-06-10,2026-06-18,9
7568.0,UGT_IOS,Features,1.0,members,14963.0,2026-06-19,2026-06-29,11
7568.0,UGT_IOS,Features,1.0,revenue,6718.645511691069,2026-06-19,2026-06-29,11
7568.0,UGT_IOS,Features,2.0,members,14972.0,2026-06-19,2026-06-29,11
7568.0,UGT_IOS,Features,2.0,revenue,6781.128501459561,2026-06-19,2026-06-29,11
7568.0,UGT_IOS,Total,1.0,members,14963.0,2026-06-19,2026-06-29,11
7568.0,UGT_IOS,Total,1.0,revenue,31124.894527844786,2026-06-19,2026-06-29,11
7568.0,UGT_IOS,Total,2.0,members,14972.0,2026-06-19,2026-06-29,11
7568.0,UGT_IOS,Total,2.0,revenue,33854.05114027025,2026-06-19,2026-06-29,11
7568.0,UGT_IOS,Tour,1.0,members,14963.0,2026-06-19,2026-06-29,11
7568.0,UGT_IOS,Tour,1.0,revenue,22458.281896018983,2026-06-19,2026-06-29,11
7568.0,UGT_IOS,Tour,2.0,members,14972.0,2026-06-19,2026-06-29,11
7568.0,UGT_IOS,Tour,2.0,revenue,24631.01179311276,2026-06-19,2026-06-29,11
7577.0,UGT_ANDROID,Official tabs,1.0,members,5179.0,2026-06-14,2026-06-19,6
7577.0,UGT_ANDROID,Official tabs,1.0,revenue,137.69860329627988,2026-06-14,2026-06-19,6
7577.0,UGT_ANDROID,Official tabs,2.0,members,5144.0,2026-06-14,2026-06-19,6
7577.0,UGT_ANDROID,Official tabs,2.0,revenue,303.23157799243927,2026-06-14,2026-06-19,6
7577.0,UGT_ANDROID,Official tabs,3.0,members,5190.0,2026-06-14,2026-06-19,6
7577.0,UGT_ANDROID,Official tabs,3.0,revenue,411.6940353155136,2026-06-14,2026-06-19,6
7577.0,UGT_ANDROID,Total,1.0,members,5179.0,2026-06-14,2026-06-19,6
7577.0,UGT_ANDROID,Total,1.0,revenue,1113.912433914951,2026-06-14,2026-06-19,6
7577.0,UGT_ANDROID,Total,2.0,members,5144.0,2026-06-14,2026-06-19,6
7577.0,UGT_ANDROID,Total,2.0,revenue,1157.9391007572415,2026-06-14,2026-06-19,6
7577.0,UGT_ANDROID,Total,3.0,members,5190.0,2026-06-14,2026-06-19,6
7577.0,UGT_ANDROID,Total,3.0,revenue,993.5472131848335,2026-06-14,2026-06-19,6
7577.0,UGT_IOS,Official tabs,1.0,members,7575.0,2026-06-14,2026-06-19,6
7577.0,UGT_IOS,Official tabs,1.0,revenue,1184.9693790643923,2026-06-14,2026-06-19,6
7577.0,UGT_IOS,Official tabs,2.0,members,7623.0,2026-06-14,2026-06-19,6
7577.0,UGT_IOS,Official tabs,2.0,revenue,2374.816819344241,2026-06-14,2026-06-19,6
7577.0,UGT_IOS,Official tabs,3.0,members,7595.0,2026-06-14,2026-06-19,6
7577.0,UGT_IOS,Official tabs,3.0,revenue,1930.0853252947327,2026-06-14,2026-06-19,6
7577.0,UGT_IOS,Total,1.0,members,7575.0,2026-06-14,2026-06-19,6
7577.0,UGT_IOS,Total,1.0,revenue,4495.440057066035,2026-06-14,2026-06-19,6
7577.0,UGT_IOS,Total,2.0,members,7623.0,2026-06-14,2026-06-19,6
7577.0,UGT_IOS,Total,2.0,revenue,5472.218896835084,2026-06-14,2026-06-19,6
7577.0,UGT_IOS,Total,3.0,members,7595.0,2026-06-14,2026-06-19,6
7577.0,UGT_IOS,Total,3.0,revenue,5004.239739693221,2026-06-14,2026-06-19,6
7598.0,UG_WEB,Total,1.0,members,547495.0,2026-06-19,2026-06-25,7
7598.0,UG_WEB,Total,1.0,revenue,22263.440008163452,2026-06-19,2026-06-25,7
7598.0,UG_WEB,Total,2.0,members,546831.0,2026-06-19,2026-06-25,7
7598.0,UG_WEB,Total,2.0,revenue,19432.82001018524,2026-06-19,2026-06-25,7
7604.0,UGT_ANDROID,Post Post Decline,1.0,members,5078.0,2026-07-02,2026-07-06,5
7604.0,UGT_ANDROID,Post Post Decline,1.0,revenue,1898.7365390479565,2026-07-02,2026-07-06,5
7604.0,UGT_ANDROID,Post Post Decline,2.0,members,5127.0,2026-07-02,2026-07-06,5
7604.0,UGT_ANDROID,Post Post Decline,2.0,revenue,1671.4012483984231,2026-07-02,2026-07-06,5
7604.0,UGT_ANDROID,Total,1.0,members,5078.0,2026-07-02,2026-07-06,5
7604.0,UGT_ANDROID,Total,1.0,revenue,2691.5485387682916,2026-07-02,2026-07-06,5
7604.0,UGT_ANDROID,Total,2.0,members,5127.0,2026-07-02,2026-07-06,5
7604.0,UGT_ANDROID,Total,2.0,revenue,2292.1137644082314,2026-07-02,2026-07-06,5
7604.0,UGT_IOS,Post Post Decline,1.0,members,24093.0,2026-07-02,2026-07-21,20
7604.0,UGT_IOS,Post Post Decline,1.0,revenue,15749.308272946855,2026-07-02,2026-07-21,20
7604.0,UGT_IOS,Post Post Decline,2.0,members,24300.0,2026-07-02,2026-07-21,20
7604.0,UGT_IOS,Post Post Decline,2.0,revenue,13660.114168266715,2026-07-02,2026-07-21,20
7604.0,UGT_IOS,Total,1.0,members,24093.0,2026-07-02,2026-07-21,20
7604.0,UGT_IOS,Total,1.0,revenue,24033.06644839147,2026-07-02,2026-07-21,20
7604.0,UGT_IOS,Total,2.0,members,24300.0,2026-07-02,2026-07-21,20
7604.0,UGT_IOS,Total,2.0,revenue,26296.884508518644,2026-07-02,2026-07-21,20
7607.0,UGT_ANDROID,Floating Splash,1.0,members,65067.0,2026-07-09,2026-07-13,5
7607.0,UGT_ANDROID,Floating Splash,1.0,revenue,1045.951720484861,2026-07-09,2026-07-13,5
7607.0,UGT_ANDROID,Floating Splash,2.0,members,65538.0,2026-07-09,2026-07-13,5
7607.0,UGT_ANDROID,Floating Splash,2.0,revenue,93.46599922180175,2026-07-09,2026-07-13,5
7607.0,UGT_ANDROID,Floating Splash,3.0,members,65344.0,2026-07-09,2026-07-13,5
7607.0,UGT_ANDROID,Floating Splash,3.0,revenue,171.8699990272522,2026-07-09,2026-07-13,5
7607.0,UGT_ANDROID,Total,1.0,members,65067.0,2026-07-09,2026-07-13,5
7607.0,UGT_ANDROID,Total,1.0,revenue,7948.914570281736,2026-07-09,2026-07-13,5
7607.0,UGT_ANDROID,Total,2.0,members,65538.0,2026-07-09,2026-07-13,5
7607.0,UGT_ANDROID,Total,2.0,revenue,8029.04809923893,2026-07-09,2026-07-13,5
7607.0,UGT_ANDROID,Total,3.0,members,65344.0,2026-07-09,2026-07-13,5
7607.0,UGT_ANDROID,Total,3.0,revenue,8752.122966062547,2026-07-09,2026-07-13,5
7607.0,UGT_IOS,Floating Splash,1.0,members,24625.0,2026-07-09,2026-07-13,5
7607.0,UGT_IOS,Floating Splash,1.0,revenue,577.5022642443734,2026-07-09,2026-07-13,5
7607.0,UGT_IOS,Floating Splash,2.0,members,24856.0,2026-07-09,2026-07-13,5
7607.0,UGT_IOS,Floating Splash,2.0,revenue,75.69149980545043,2026-07-09,2026-07-13,5
7607.0,UGT_IOS,Floating Splash,3.0,members,24845.0,2026-07-09,2026-07-13,5
7607.0,UGT_IOS,Floating Splash,3.0,revenue,126.27341079711913,2026-07-09,2026-07-13,5
7607.0,UGT_IOS,Total,1.0,members,24625.0,2026-07-09,2026-07-13,5
7607.0,UGT_IOS,Total,1.0,revenue,9866.450327779465,2026-07-09,2026-07-13,5
7607.0,UGT_IOS,Total,2.0,members,24856.0,2026-07-09,2026-07-13,5
7607.0,UGT_IOS,Total,2.0,revenue,10448.81057063419,2026-07-09,2026-07-13,5
7607.0,UGT_IOS,Total,3.0,members,24845.0,2026-07-09,2026-07-13,5
7607.0,UGT_IOS,Total,3.0,revenue,10715.838030538318,2026-07-09,2026-07-13,5
7610.0,UGT_ANDROID,Total,1.0,members,3224.0,2026-06-19,2026-06-29,11
7610.0,UGT_ANDROID,Total,1.0,revenue,1196.373520886898,2026-06-19,2026-06-29,11
7610.0,UGT_ANDROID,Total,2.0,members,3140.0,2026-06-19,2026-06-29,11
7610.0,UGT_ANDROID,Total,2.0,revenue,1475.433493900299,2026-06-19,2026-06-29,11
7610.0,UGT_ANDROID,Tour,1.0,members,3224.0,2026-06-19,2026-06-29,11
7610.0,UGT_ANDROID,Tour,1.0,revenue,622.5740150451661,2026-06-19,2026-06-29,11
7610.0,UGT_ANDROID,Tour,2.0,members,3140.0,2026-06-19,2026-06-29,11
7610.0,UGT_ANDROID,Tour,2.0,revenue,1023.4084953308105,2026-06-19,2026-06-29,11
7610.0,UGT_IOS,Total,1.0,members,5374.0,2026-06-19,2026-06-29,11
7610.0,UGT_IOS,Total,1.0,revenue,3058.6000692367547,2026-06-19,2026-06-29,11
7610.0,UGT_IOS,Total,2.0,members,5291.0,2026-06-19,2026-06-29,11
7610.0,UGT_IOS,Total,2.0,revenue,3984.983375835419,2026-06-19,2026-06-29,11
7610.0,UGT_IOS,Tour,1.0,members,5374.0,2026-06-19,2026-06-29,11
7610.0,UGT_IOS,Tour,1.0,revenue,2302.0270631790154,2026-06-19,2026-06-29,11
7610.0,UGT_IOS,Tour,2.0,members,5291.0,2026-06-19,2026-06-29,11
7610.0,UGT_IOS,Tour,2.0,revenue,3328.744983577729,2026-06-19,2026-06-29,11
7622.0,UGT_ANDROID,Official tabs,1.0,members,18760.0,2026-06-19,2026-07-06,18
7622.0,UGT_ANDROID,Official tabs,1.0,revenue,998.8212575674057,2026-06-19,2026-07-06,18
7622.0,UGT_ANDROID,Official tabs,2.0,members,18572.0,2026-06-19,2026-07-06,18
7622.0,UGT_ANDROID,Official tabs,2.0,revenue,1395.4645439744,2026-06-19,2026-07-06,18
7622.0,UGT_ANDROID,Official tabs,3.0,members,18605.0,2026-06-19,2026-07-06,18
7622.0,UGT_ANDROID,Official tabs,3.0,revenue,1440.8028154373171,2026-06-19,2026-07-06,18
7622.0,UGT_ANDROID,Total,1.0,members,18760.0,2026-06-19,2026-07-06,18
7622.0,UGT_ANDROID,Total,1.0,revenue,5227.661615380445,2026-06-19,2026-07-06,18
7622.0,UGT_ANDROID,Total,2.0,members,18572.0,2026-06-19,2026-07-06,18
7622.0,UGT_ANDROID,Total,2.0,revenue,4989.738432417466,2026-06-19,2026-07-06,18
7622.0,UGT_ANDROID,Total,3.0,members,18605.0,2026-06-19,2026-07-06,18
7622.0,UGT_ANDROID,Total,3.0,revenue,5715.954661825301,2026-06-19,2026-07-06,18
7622.0,UGT_IOS,Official tabs,1.0,members,24685.0,2026-06-19,2026-07-10,22
7622.0,UGT_IOS,Official tabs,1.0,revenue,4122.558926062114,2026-06-19,2026-07-10,22
7622.0,UGT_IOS,Official tabs,2.0,members,24316.0,2026-06-19,2026-07-10,22
7622.0,UGT_IOS,Official tabs,2.0,revenue,6375.2211595050685,2026-06-19,2026-07-10,22
7622.0,UGT_IOS,Official tabs,3.0,members,24503.0,2026-06-19,2026-07-10,22
7622.0,UGT_IOS,Official tabs,3.0,revenue,5572.1439943254345,2026-06-19,2026-07-10,22
7622.0,UGT_IOS,Total,1.0,members,24685.0,2026-06-19,2026-07-10,22
7622.0,UGT_IOS,Total,1.0,revenue,16772.45507417616,2026-06-19,2026-07-10,22
7622.0,UGT_IOS,Total,2.0,members,24316.0,2026-06-19,2026-07-10,22
7622.0,UGT_IOS,Total,2.0,revenue,19769.942652072972,2026-06-19,2026-07-10,22
7622.0,UGT_IOS,Total,3.0,members,24503.0,2026-06-19,2026-07-10,22
7622.0,UGT_IOS,Total,3.0,revenue,18620.787117911346,2026-06-19,2026-07-10,22
7625.0,UG_WEB,Total,1.0,members,21622.0,2026-06-22,2026-07-03,12
7625.0,UG_WEB,Total,1.0,revenue,34232.500029563904,2026-06-22,2026-07-03,12
7625.0,UG_WEB,Total,2.0,members,21701.0,2026-06-22,2026-07-03,12
7625.0,UG_WEB,Total,2.0,revenue,36618.90003299713,2026-06-22,2026-07-03,12
7625.0,UG_WEB,US,1.0,members,6461.0,2026-06-22,2026-07-03,12
7625.0,UG_WEB,US,1.0,revenue,16534.930046081543,2026-06-22,2026-07-03,12
7625.0,UG_WEB,US,2.0,members,6356.0,2026-06-22,2026-07-03,12
7625.0,UG_WEB,US,2.0,revenue,17894.690017700195,2026-06-22,2026-07-03,12
7625.0,UG_WEB,not US,1.0,members,15175.0,2026-06-22,2026-07-03,12
7625.0,UG_WEB,not US,1.0,revenue,17697.56998348236,2026-06-22,2026-07-03,12
7625.0,UG_WEB,not US,2.0,members,15351.0,2026-06-22,2026-07-03,12
7625.0,UG_WEB,not US,2.0,revenue,18724.210015296936,2026-06-22,2026-07-03,12
7628.0,UG_WEB,Total,1.0,members,14477.0,2026-06-25,2026-07-02,8
7628.0,UG_WEB,Total,1.0,revenue,23370.630056381226,2026-06-25,2026-07-02,8
7628.0,UG_WEB,Total,2.0,members,14363.0,2026-06-25,2026-07-02,8
7628.0,UG_WEB,Total,2.0,revenue,22912.84006023407,2026-06-25,2026-07-02,8
7631.0,UGT_ANDROID,Interstitials,1.0,members,16414.0,2026-06-22,2026-06-30,9
7631.0,UGT_ANDROID,Interstitials,1.0,revenue,580.8089402973651,2026-06-22,2026-06-30,9
7631.0,UGT_ANDROID,Interstitials,2.0,members,16684.0,2026-06-22,2026-06-30,9
7631.0,UGT_ANDROID,Interstitials,2.0,revenue,745.2966017246247,2026-06-22,2026-06-30,9
7631.0,UGT_ANDROID,Total,1.0,members,16414.0,2026-06-22,2026-06-30,9
7631.0,UGT_ANDROID,Total,1.0,revenue,5059.028717721957,2026-06-22,2026-06-30,9
7631.0,UGT_ANDROID,Total,2.0,members,16684.0,2026-06-22,2026-06-30,9
7631.0,UGT_ANDROID,Total,2.0,revenue,4958.755979400873,2026-06-22,2026-06-30,9
7631.0,UGT_IOS,Interstitials,1.0,members,17618.0,2026-06-22,2026-06-30,9
7631.0,UGT_IOS,Interstitials,1.0,revenue,1322.159878351419,2026-06-22,2026-06-30,9
7631.0,UGT_IOS,Interstitials,2.0,members,17571.0,2026-06-22,2026-06-30,9
7631.0,UGT_IOS,Interstitials,2.0,revenue,1203.7085623279813,2026-06-22,2026-06-30,9
7631.0,UGT_IOS,Total,1.0,members,17618.0,2026-06-22,2026-06-30,9
7631.0,UGT_IOS,Total,1.0,revenue,10650.486492786964,2026-06-22,2026-06-30,9
7631.0,UGT_IOS,Total,2.0,members,17571.0,2026-06-22,2026-06-30,9
7631.0,UGT_IOS,Total,2.0,revenue,10338.824294292,2026-06-22,2026-06-30,9
7634.0,UGT_ANDROID,Interstitials,1.0,members,16377.0,2026-06-22,2026-06-30,9
7634.0,UGT_ANDROID,Interstitials,1.0,revenue,706.1970303538352,2026-06-22,2026-06-30,9
7634.0,UGT_ANDROID,Interstitials,2.0,members,16649.0,2026-06-22,2026-06-30,9
7634.0,UGT_ANDROID,Interstitials,2.0,revenue,389.38311224579815,2026-06-22,2026-06-30,9
7634.0,UGT_ANDROID,Total,1.0,members,16377.0,2026-06-22,2026-06-30,9
7634.0,UGT_ANDROID,Total,1.0,revenue,5866.9961099183065,2026-06-22,2026-06-30,9
7634.0,UGT_ANDROID,Total,2.0,members,16649.0,2026-06-22,2026-06-30,9
7634.0,UGT_ANDROID,Total,2.0,revenue,5062.5395617544655,2026-06-22,2026-06-30,9
7634.0,UGT_IOS,Interstitials,1.0,members,17515.0,2026-06-22,2026-06-30,9
7634.0,UGT_IOS,Interstitials,1.0,revenue,789.634949019692,2026-06-22,2026-06-30,9
7634.0,UGT_IOS,Interstitials,2.0,members,17410.0,2026-06-22,2026-06-30,9
7634.0,UGT_IOS,Interstitials,2.0,revenue,1080.6595462476291,2026-06-22,2026-06-30,9
7634.0,UGT_IOS,Total,1.0,members,17515.0,2026-06-22,2026-06-30,9
7634.0,UGT_IOS,Total,1.0,revenue,10621.70102360806,2026-06-22,2026-06-30,9
7634.0,UGT_IOS,Total,2.0,members,17410.0,2026-06-22,2026-06-30,9
7634.0,UGT_IOS,Total,2.0,revenue,11135.188441860924,2026-06-22,2026-06-30,9
7637.0,UG_WEB,Total,1.0,members,118464.0,2026-06-26,2026-06-30,5
7637.0,UG_WEB,Total,1.0,revenue,4190.940008163452,2026-06-26,2026-06-30,5
7637.0,UG_WEB,Total,2.0,members,118071.0,2026-06-26,2026-06-30,5
7637.0,UG_WEB,Total,2.0,revenue,3990.9500045776367,2026-06-26,2026-06-30,5
7637.0,UG_WEB,Total,3.0,members,118567.0,2026-06-26,2026-06-30,5
7637.0,UG_WEB,Total,3.0,revenue,4085.9600009918213,2026-06-26,2026-06-30,5
7637.0,UG_WEB,Total,4.0,members,118295.0,2026-06-26,2026-06-30,5
7637.0,UG_WEB,Total,4.0,revenue,3628.8500185012817,2026-06-26,2026-06-30,5
7637.0,UG_WEB,Total,5.0,members,118370.0,2026-06-26,2026-06-30,5
7637.0,UG_WEB,Total,5.0,revenue,5882.5900049209595,2026-06-26,2026-06-30,5
7637.0,UG_WEB,Total,6.0,members,118703.0,2026-06-26,2026-06-30,5
7637.0,UG_WEB,Total,6.0,revenue,3876.57000541687,2026-06-26,2026-06-30,5
7640.0,UGT_ANDROID,Total,1.0,members,5483.0,2026-07-07,2026-07-09,3
7640.0,UGT_ANDROID,Total,1.0,revenue,2155.4611740738155,2026-07-07,2026-07-09,3
7640.0,UGT_ANDROID,Total,2.0,members,5292.0,2026-07-07,2026-07-09,3
7640.0,UGT_ANDROID,Total,2.0,revenue,2306.6143630445013,2026-07-07,2026-07-09,3
7640.0,UGT_IOS,Total,1.0,members,2659.0,2026-07-07,2026-07-09,3
7640.0,UGT_IOS,Total,1.0,revenue,3699.0526799649488,2026-07-07,2026-07-09,3
7640.0,UGT_IOS,Total,2.0,members,2527.0,2026-07-07,2026-07-09,3
7640.0,UGT_IOS,Total,2.0,revenue,3639.0434110166916,2026-07-07,2026-07-09,3
7643.0,UG_WEB,Non US,1.0,members,4323.0,2026-07-03,2026-07-09,7
7643.0,UG_WEB,Non US,1.0,revenue,1888.5199899673462,2026-07-03,2026-07-09,7
7643.0,UG_WEB,Non US,2.0,members,4321.0,2026-07-03,2026-07-09,7
7643.0,UG_WEB,Non US,2.0,revenue,2742.749984741211,2026-07-03,2026-07-09,7
7643.0,UG_WEB,Total,1.0,members,6026.0,2026-07-03,2026-07-09,7
7643.0,UG_WEB,Total,1.0,revenue,5018.87997341156,2026-07-03,2026-07-09,7
7643.0,UG_WEB,Total,2.0,members,5986.0,2026-07-03,2026-07-09,7
7643.0,UG_WEB,Total,2.0,revenue,5193.399982452393,2026-07-03,2026-07-09,7
7643.0,UG_WEB,US,1.0,members,1706.0,2026-07-03,2026-07-09,7
7643.0,UG_WEB,US,1.0,revenue,3158.9199829101562,2026-07-03,2026-07-09,7
7643.0,UG_WEB,US,2.0,members,1668.0,2026-07-03,2026-07-09,7
7643.0,UG_WEB,US,2.0,revenue,2479.2499980926514,2026-07-03,2026-07-09,7
7679.0,UGT_ANDROID,Total,1.0,members,7415.0,2026-07-07,2026-07-13,7
7679.0,UGT_ANDROID,Total,1.0,revenue,1749.729845642694,2026-07-07,2026-07-13,7
7679.0,UGT_ANDROID,Total,2.0,members,7317.0,2026-07-07,2026-07-13,7
7679.0,UGT_ANDROID,Total,2.0,revenue,1530.109301029696,2026-07-07,2026-07-13,7
7679.0,UGT_IOS,Total,1.0,members,7684.0,2026-07-07,2026-07-13,7
7679.0,UGT_IOS,Total,1.0,revenue,3736.4859782981493,2026-07-07,2026-07-13,7
7679.0,UGT_IOS,Total,2.0,members,7724.0,2026-07-07,2026-07-13,7
7679.0,UGT_IOS,Total,2.0,revenue,3554.61261941543,2026-07-07,2026-07-13,7
7685.0,UG_WEB,Total,1.0,members,11608.0,2026-07-02,2026-07-13,12
7685.0,UG_WEB,Total,1.0,revenue,21631.08999824524,2026-07-02,2026-07-13,12
7685.0,UG_WEB,Total,2.0,members,11649.0,2026-07-02,2026-07-13,12
7685.0,UG_WEB,Total,2.0,revenue,23701.600052833557,2026-07-02,2026-07-13,12
7691.0,UGT_IOS,Total,1.0,members,577426.0,2026-07-14,2026-07-23,10
7691.0,UGT_IOS,Total,1.0,revenue,58332.027754465795,2026-07-14,2026-07-23,10
7691.0,UGT_IOS,Total,2.0,members,572143.0,2026-07-14,2026-07-23,10
7691.0,UGT_IOS,Total,2.0,revenue,56134.87319617185,2026-07-14,2026-07-23,10
7691.0,UGT_IOS,Total,3.0,members,1.0,2026-07-14,2026-07-23,10
7691.0,UGT_IOS,Total,3.0,revenue,0.0,2026-07-14,2026-07-23,10
7694.0,UG_WEB,Total,1.0,members,420.0,2026-07-10,2026-07-16,7
7694.0,UG_WEB,Total,1.0,revenue,2180.2999935150146,2026-07-10,2026-07-16,7
7694.0,UG_WEB,Total,2.0,members,430.0,2026-07-10,2026-07-16,7
7694.0,UG_WEB,Total,2.0,revenue,1990.8800010681152,2026-07-10,2026-07-16,7
7697.0,UGT_ANDROID,Total,1.0,members,8871.0,2026-07-07,2026-07-23,17
7697.0,UGT_ANDROID,Total,1.0,revenue,2583.5947372198107,2026-07-07,2026-07-23,17
7697.0,UGT_ANDROID,Total,2.0,members,8847.0,2026-07-07,2026-07-23,17
7697.0,UGT_ANDROID,Total,2.0,revenue,2185.639603026535,2026-07-07,2026-07-23,17
7697.0,UGT_ANDROID,Tour,1.0,members,8871.0,2026-07-07,2026-07-23,17
7697.0,UGT_ANDROID,Tour,1.0,revenue,1789.4965048313145,2026-07-07,2026-07-23,17
7697.0,UGT_ANDROID,Tour,2.0,members,8847.0,2026-07-07,2026-07-23,17
7697.0,UGT_ANDROID,Tour,2.0,revenue,1381.3520035505296,2026-07-07,2026-07-23,17
7697.0,UGT_IOS,Total,1.0,members,3242.0,2026-07-07,2026-07-23,17
7697.0,UGT_IOS,Total,1.0,revenue,3237.106376962573,2026-07-07,2026-07-23,17
7697.0,UGT_IOS,Total,2.0,members,3225.0,2026-07-07,2026-07-23,17
7697.0,UGT_IOS,Total,2.0,revenue,2584.752177706657,2026-07-07,2026-07-23,17
7697.0,UGT_IOS,Tour,1.0,members,3242.0,2026-07-07,2026-07-23,17
7697.0,UGT_IOS,Tour,1.0,revenue,2248.53300704956,2026-07-07,2026-07-23,17
7697.0,UGT_IOS,Tour,2.0,members,3225.0,2026-07-07,2026-07-23,17
7697.0,UGT_IOS,Tour,2.0,revenue,1686.916010093689,2026-07-07,2026-07-23,17
7712.0,UGT_ANDROID,Interstitials,1.0,members,6586.0,2026-07-13,2026-07-21,9
7712.0,UGT_ANDROID,Interstitials,1.0,revenue,262.31300662208065,2026-07-13,2026-07-21,9
7712.0,UGT_ANDROID,Interstitials,2.0,members,6621.0,2026-07-13,2026-07-21,9
7712.0,UGT_ANDROID,Interstitials,2.0,revenue,353.870558655262,2026-07-13,2026-07-21,9
7712.0,UGT_ANDROID,Total,1.0,members,6586.0,2026-07-13,2026-07-21,9
7712.0,UGT_ANDROID,Total,1.0,revenue,1352.0567199925506,2026-07-13,2026-07-21,9
7712.0,UGT_ANDROID,Total,2.0,members,6621.0,2026-07-13,2026-07-21,9
7712.0,UGT_ANDROID,Total,2.0,revenue,1251.053380715847,2026-07-13,2026-07-21,9
7712.0,UGT_IOS,Interstitials,1.0,members,7075.0,2026-07-13,2026-07-21,9
7712.0,UGT_IOS,Interstitials,1.0,revenue,341.45890976437687,2026-07-13,2026-07-21,9
7712.0,UGT_IOS,Interstitials,2.0,members,7043.0,2026-07-13,2026-07-21,9
7712.0,UGT_IOS,Interstitials,2.0,revenue,588.0799884796143,2026-07-13,2026-07-21,9
7712.0,UGT_IOS,Total,1.0,members,7075.0,2026-07-13,2026-07-21,9
7712.0,UGT_IOS,Total,1.0,revenue,3688.3834926629934,2026-07-13,2026-07-21,9
7712.0,UGT_IOS,Total,2.0,members,7043.0,2026-07-13,2026-07-21,9
7712.0,UGT_IOS,Total,2.0,revenue,3517.8221894025814,2026-07-13,2026-07-21,9
7718.0,UGT_IOS,Features,1.0,members,9539.0,2026-07-10,2026-07-13,4
7718.0,UGT_IOS,Features,1.0,revenue,4136.160223827269,2026-07-10,2026-07-13,4
7718.0,UGT_IOS,Features,2.0,members,9502.0,2026-07-10,2026-07-13,4
7718.0,UGT_IOS,Features,2.0,revenue,4179.777450448042,2026-07-10,2026-07-13,4
7718.0,UGT_IOS,Total,1.0,members,9538.0,2026-07-10,2026-07-13,4
7718.0,UGT_IOS,Total,1.0,revenue,19181.139335356653,2026-07-10,2026-07-13,4
7718.0,UGT_IOS,Total,2.0,members,9501.0,2026-07-10,2026-07-13,4
7718.0,UGT_IOS,Total,2.0,revenue,17197.686978871265,2026-07-10,2026-07-13,4
7718.0,UGT_IOS,Tour,1.0,members,9538.0,2026-07-10,2026-07-13,4
7718.0,UGT_IOS,Tour,1.0,revenue,13582.393923449503,2026-07-10,2026-07-13,4
7718.0,UGT_IOS,Tour,2.0,members,9501.0,2026-07-10,2026-07-13,4
7718.0,UGT_IOS,Tour,2.0,revenue,11882.703001475324,2026-07-10,2026-07-13,4
7745.0,UG_WEB,Total,1.0,members,18304.0,2026-07-13,2026-07-20,8
7745.0,UG_WEB,Total,1.0,revenue,25683.230058670044,2026-07-13,2026-07-20,8
7745.0,UG_WEB,Total,2.0,members,18259.0,2026-07-13,2026-07-20,8
7745.0,UG_WEB,Total,2.0,revenue,25633.440007209778,2026-07-13,2026-07-20,8
7763.0,UGT_ANDROID,Total,1.0,members,2533.0,2026-07-17,2026-07-24,8
7763.0,UGT_ANDROID,Total,1.0,revenue,341.4504339516163,2026-07-17,2026-07-24,8
7763.0,UGT_ANDROID,Total,2.0,members,2548.0,2026-07-17,2026-07-24,8
7763.0,UGT_ANDROID,Total,2.0,revenue,245.39293274879455,2026-07-17,2026-07-24,8
7763.0,UGT_IOS,Total,1.0,members,6155.0,2026-07-17,2026-07-24,8
7763.0,UGT_IOS,Total,1.0,revenue,2832.4176462327523,2026-07-17,2026-07-24,8
7763.0,UGT_IOS,Total,2.0,members,6419.0,2026-07-17,2026-07-24,8
7763.0,UGT_IOS,Total,2.0,revenue,2925.702425634105,2026-07-17,2026-07-24,8
