exp_id,daily_dollar,min_p,clients,tag,exp_name,success_variation,control_rev_per_day,control_members_per_day
6911,46.943884374788766,0.6017870066727986,1,best_pair,[UG Monetization] UG App: tour install - discount for young users (2 iteration),0,560.9196900819883,930.8571428571429
6977,513.6114726420706,0.1048595117542433,1,best_pair,[UG Monetization] UG Android: ProPlus products on Tour Install (3rd iteration),0,3266.018901547742,3802.777777777778
7013,6.078415727806539,0.7172565752426774,1,best_pair,[UG Monetization] UG App: win-back before subscription ends,0,170.98229893755027,178.8148148148148
7022,-286.3300018310547,0.1055506677809274,1,best_pair,"[UG Monetization] UG Web: the ""emergency help"" funnel - with introductory",0,2514.08499956131,1491.5
7043,118.86154291905387,0.4203159174819051,1,best_pair,[UG Monetization] UG App: tour – questions after the paywall in tour,0,1720.833347730761,2517.785714285714
7061,551.1004669744551,0.0877068493406662,1,best_pair,[UG Monetization] UG App: Upsell PDF,0,612.6337689151999,3358.125
7085,165.1039874772782,0.5849680969547164,1,best_pair,[UG Monetization] UG App: explore product widget instead of sale banner,0,3238.5916156704448,6771.200000000001
7100,0.0,0.4431790682380344,2,best_pair,[UG Monetization] UG App: Spotify funnel – value before paywall,0,,
7118,1806.5570087839772,9.389733223377996e-05,1,winner_pair,[UG Monetization] UG iOS: paywall – remove trial activation toggle (2 iteration),3,2610.2586444474746,5126.5
7130,51.749794586640505,0.7883630371826419,1,best_pair,[UG Monetization] UG App: explore product widget instead of sale banner (2 iteration),0,842.5862620240298,1728.0
7133,0.0,0.2348985932024273,1,best_pair,[UG Monetization] UG iOS: paywall - remove trial activation toggle (4-th Iteration),0,,
7142,-50.52427369022684,0.7388953390663148,1,best_pair,[UG Monetization] UG App: Warm-up before 2-nd paywall,0,1152.012005916406,728.0
7160,254.73031119726406,0.3170452253993052,1,best_pair,[UG Monetization] Pre-paywall with animation for interstitials,0,1510.1109656429826,3604.0
7178,0.0,0.5488024999100874,1,best_pair,[UG Monetization] UG Web: Flo like paywall (iteration 5.2),0,,
7187,683.5832484062023,0.000287287910653,1,best_pair,[UG Monetization] Pre-paywall with animation for interstitials (relaunch),0,852.6447133602715,2719.125
7193,-86.87381921046654,0.8618885323765643,1,best_pair,[UG Monetization] UG Web: Single purchase: PDF & Print (fake door),0,734.642493724823,388.25
7199,460.5609768872131,0.3142007828215007,1,winner_pair,[UG Monetization] UG Web: sticky legal text,2,3350.983723163605,279.375
7208,-1066.4231610427264,0.1572910323065902,1,best_pair,[UG Monetization] UG App: tour install – pre-paywall with animation,0,2334.843386060493,1033.6666666666667
7211,-35.208202393305804,0.4967366678738343,1,best_pair,[UG Monetization] UG Android: Trial To Instant High Prices,0,289.1498688700952,49.21052631578947
7220,9.157515017833312,0.8584124853270213,1,best_pair,[UG Monetization] UG Web: improvements to open official tabs: close part of the content,0,48.03750022252401,742.0
7229,472.7543579318846,0.1604812045290898,1,best_pair,[UG Monetization] UG App: explore product widget instead of sale banner (3 iteration - relaunch),0,1382.3058175834901,2472.916666666667
7232,-54.92509996744187,0.8451606276387326,1,best_pair,[UG Monetization] UG Web: Improvements to open official tabs + interactive tabs: increase Print CTR,0,388.2666619618733,8386.666666666666
7235,-2108.7002161179125,0.0001687373084384,1,best_pair,[UG Monetization] UG Web: checkout validation fixes ,0,3805.607973098755,273.2
7238,-43.03053663218621,0.838879843055388,1,best_pair,[UG Monetization] UG Web: permanent banner – short funnel (iteration 2),0,509.16571399143766,476.42857142857144
7241,158.01164674477403,0.1137989089527642,1,winner_pair,[UG Monetization] UG Web: Germany-style cancellation flow for all trial users,2,435.22681218927556,50.54545454545455
7256,91.79593486653475,0.5932058079957647,1,best_pair,[UG Monetization] UG App: first session flow update,0,733.443781047442,1210.8
7265,-184.5308336677298,0.6549078557199423,1,best_pair,[UG Monetization] UG iOS: tour paywall - tour install with 2 paywalls,0,3878.492537804116,1922.125
7268,350.9408999008572,0.2474256109099949,1,winner_pair,[UG Monetization] UG Web: paywall – price decrease for pro+,2,3809.554258028666,3160.2380952380954
7280,115.38945175986944,0.2040444774075012,1,winner_pair,[UG Monetization] UG App: tour install - discount for young users (3 iteration),2,552.2116263901695,854.5333333333333
7289,206.25123431936748,0.2660330944979249,1,best_pair,[UG Monetization] UG App: reduction in advertising volume,0,3883.2700240851864,7878.64705882353
7304,-22.619065882556484,0.9665263952715344,1,best_pair,"[UG Monetization] UG Web: Change the ""emergency help"" funnel - Iteration 5 - decrease display frequency",0,3721.5912151932716,3209.125
7316,51.17073766967139,0.805931261208542,1,best_pair,[UG Monetization] UG App: explore product widget instead of sale banner (4 iteration),0,2197.8892871833405,4535.611111111111
7328,1580.3022754398821,0.0385436554997351,1,winner_pair,[UG Monetization] UG Web: Сheckout size optimization,3,3999.834971189499,353.875
7331,-32.74708013413062,0.6116846780823755,1,best_pair,[UG Monetization] UG Web - text tabs to playable tabs funnel,0,44.992000579833984,533.2
7334,-746.287422911434,0.0625814266281928,1,best_pair,[UG Monetization] UG iOS: tour paywall - tour install with 2 paywalls (2nd Iteration),0,3707.4844961202343,1967.0
7355,154.0238446056925,0.262032010032833,1,best_pair,[UG Monetization] UG App: first session flow update (2 iteration),0,993.3531465429545,1910.4444444444443
7361,292.00310644072897,0.3776988126681174,1,best_pair,[UG Monetization] UG App: winback banner on explore,0,2606.477169650583,3697.222222222222
7379,147.6776275541564,0.5827202768247908,1,best_pair,[UG Monetization] UG App: Upsell – Gear Setup OTP,0,3696.0647481107217,20351.0
7382,164.54125885773854,0.0749107201724758,1,best_pair,[UG Monetization] UG Web: improvements to open official tabs: close part of the content (Iteration 2),0,53.64124941825867,1737.125
7394,27.510467735221813,0.9634039709137688,1,winner_pair,[UG Monetization] UG Web: Fraud protection,2,7053.199951076507,714.4
7430,460.67657311605416,0.3274523606252323,1,winner_pair,[UG Monetization] UG Web: Tour redesign,2,2784.773728132248,8410.625
7433,51.779364521989656,0.0069715819672712,1,best_pair,[UG Monetization] UG Web: subscription сancel winback,0,8.331999842325846,28.4
7454,48.84098061308423,0.7395789373533781,1,best_pair,[UG Monetization] UG App: personalized interstitial,0,1700.3051994312973,9953.55
7460,763.2508162371947,0.1815219974871665,1,winner_pair,[UG Monetization] UG Web: payment funnel background,2,6489.786250591278,28660.625
7466,679.3038505060814,0.0329395507537472,2,winner_pair,[UG Monetization] UG App: Tour: Popular Songs in Tour Install,2,5211.74088143516,3273.7058823529414
7472,-61.05751202515951,0.1865860560516284,1,best_pair,[UG Monetization] UG Web: Courses funnel design alignment,0,209.95634285996599,198.41463414634146
7475,-116.13551786607388,0.0086968137100947,1,best_pair,[UG Monetization] UG Web: Songbooks funnel design alignment,0,180.3797145298549,216.9142857142857
7478,-428.1175130645802,0.4733309509787885,1,best_pair,[UG Monetization] UG iOS: tour paywall - tour install with 2 paywalls (3rd Iteration),0,2016.0791540145888,1121.5
7487,74.31600004057037,0.2774468037552693,2,winner_pair,[UG Monetization] UG App: winback - final interstitial offer,2,269.16734786732025,649.6565656565657
7493,-729.0778045422279,0.0354167692719463,1,best_pair,[UG Monetization] UG Android: Paywall with three products,0,2165.8370284177363,5056.75
7496,582.6074299020098,0.0978082946305127,1,best_pair,[UG Monetization] UG iOS: paywall – remove trial activation toggle (5-th Iteration),0,4274.239403745262,2058.5384615384614
7502,-513.4421896060452,0.1196887087945925,1,best_pair,[UG Monetization] UG Web: Three-month / Six month plans,0,2217.520005152776,1449.8461538461538
7505,302.56131190422707,0.3859318646341855,1,winner_pair,[UG Monetization] UG Web: paywall – introductory plan with decreased price,2,3514.664552081715,2986.5454545454545
7523,-68.35126260398465,0.8108599504457982,1,best_pair,[UG Monetization] UG Web : hidden card details checkout,0,4497.820728097643,418.5
7535,413.9980263887879,0.0614639107132817,1,best_pair,[UG Monetization] UG Web: Double upsell flow ,0,1685.6583188904656,228.72222222222223
7547,26.82610923726983,0.931529840099214,1,best_pair,[UG Monetization] UG App: Upsell – Gear Setup OTP (2 iteration - with reader),0,6745.252344120897,61489.333333333336
7559,52.63806433606746,0.83674415538407,1,best_pair,[UG Monetization] UG Web: Personalized tour-to-paywall funnel,0,1507.671115981208,4365.555555555556
7568,492.6583355683084,0.1059640539031403,1,winner_pair,"[UG Monetization] UG App: tour, paywall – Propensity-targeted instant vs trial paywall",2,2829.5358661677074,1360.2727272727273
7577,472.5707219724565,0.0399902660111028,1,best_pair,[UG Monetization] UG App: first session flow update (3 iteration),0,934.8920818301642,2125.6666666666665
7598,-801.5203287552217,0.0506133272823104,1,best_pair,[UG Monetization] UG Web: permanent banner — two plans: trial & monthly,0,3180.491429737636,78213.57142857143
7604,204.85702770560837,0.0725147544354487,1,best_pair,[UG Monetization] UG App: tour install - personalized post-decline offer,0,1739.9630301732318,2220.25
7607,461.4257523972546,0.26794044379298,1,best_pair,[UG Monetization] UG App: Upsell – Gear Setup OTP (3 iteration),0,3563.07297961224,17938.4
7610,235.57086707054572,0.0188848419984695,2,winner_pair,[UG Monetization] UG App: tour - Courses upsell offer instead of install tour for active-Pro users,2,386.81578092033203,781.6363636363636
7622,446.31347801085167,0.0004405171034322,1,best_pair,[UG Monetization] UG App: first session flow update (3 iteration - relaunch),0,1052.8099668523755,2164.2676767676767
7625,376.20152463872944,0.2208754487770466,1,winner_pair,[UG Monetization] UG Web: paywall – introductory plan with decreased price - Iteration 2,2,2852.708335796992,1801.8333333333333
7628,-68.71074676207073,0.8499286824575114,1,best_pair,[UG Monetization] UG Web: Direct payment on paywall,0,2921.328757047653,1809.625
7631,-40.445745887124396,0.7380876318494265,1,best_pair,[UG Monetization] UG App: reduction in advertising volume (2 iteration),0,1745.501690056547,3781.3333333333335
7634,-70.13970855544724,0.1141805541173626,2,winner_pair,[UG Monetization] UG App: reduction in advertising volume (relaunch),2,1832.0774592807074,3765.777777777778
7637,2034.6865238888906,0.024599333828287,1,best_pair,[UG Monetization] UG Web: guitar challenges & roadmaps (fakedoors),0,838.1880016326904,23692.8
7640,153.54752292558553,0.5391481389242068,1,best_pair,[UG Monetization] UG App: New paywall arch validation,0,1951.5046180129214,2714.0
7643,59.57978504725285,0.7541857812797748,1,best_pair,[UG Monetization] UG WEB: complete registration paywall with trial,0,716.9828533445086,860.8571428571429
7679,-56.51748541162819,0.4998482446908194,1,best_pair,[UG Monetization] UG App: learn song in one day,0,783.7451177058349,2157.0
7685,331.7664640508255,0.1688371798390558,1,winner_pair,[UG Monetization] UG Web: Add timer to plan,2,1802.5908331871033,967.3333333333334
7691,-334.22863265468834,0.3204860103992439,1,best_pair,[UG Monetization] UG iOS: Winback - Refund Prevention,0,5833.20277544658,57742.6
7694,-68.15020348712295,0.5268035053868115,1,best_pair,[UG Monetization] UG Web: permanent banner —  two plans: offer & monthly,0,311.47142764500205,60.0
7697,-46.05831338502853,0.3385359288331443,1,best_pair,[UG Monetization] UG App: tour - Local top‑100 for song picks during the tour,0,342.394183187199,712.529411764706
7712,-23.97836103304292,0.7088731054001649,1,best_pair,[UG Monetization] UG App: interstitials - discounted prices,0,560.0489125172826,1517.888888888889
7718,-956.3808597799525,0.1222889877248987,1,best_pair,[UG Monetization] UG iOS: paywall — trial-only paywall after checkout cancel,0,4795.284833839163,2384.5
7745,3.3420209077398764,0.9933852019618792,1,best_pair,[UG Monetization] UG Web: Ambulance offer show reduction,0,3210.4037573337555,2288.0
7763,-6.905797566979184,0.9366664225464968,1,best_pair,[UG Monetization] UG App: learn song in one day (2 iteration),0,396.73351002304605,1086.0
