exp_id,client,segment,variation_pair,final_mean_control,final_mean_test,final_lift,final_ci_low,final_ci_high,final_pvalue,final_dt,days_tracked
6911.0,UGT_IOS,Total,1 vs 2,0.6025840746737136,0.6279073275249077,4.202443097240197,-0.06978901029695746,0.12043551599934581,0.6017870066727986,2026-04-09,14
6977.0,UGT_ANDROID,Paid,1 vs 2,1.251249292517311,1.2148875885009005,-2.906031934152524,-0.23335177650006383,0.1606283684672426,0.7175143073073222,2026-05-05,9
6977.0,UGT_ANDROID,Total,1 vs 2,0.8588508433580622,0.9260149613078854,7.820230773391923,-0.014007607908573277,0.14833584380821974,0.10485951175424339,2026-05-05,9
7013.0,UGT_ANDROID,Total,1 vs 2,1.0024345143669111,1.0877788849601386,8.51371030925914,-0.3765696845138221,0.547258425700277,0.7172565752426774,2026-03-10,27
7013.0,UGT_IOS,Total,1 vs 2,0.9446922060250617,0.6414435392478213,-32.10026131719727,-0.49888751375881407,-0.10760981979566675,0.002381311395911938,2026-03-10,27
7022.0,UG_WEB DESKTOP,Total,1 vs 2,1.5821549389133274,1.3556026443502645,-14.319223041370776,-0.6592509520097175,0.20614636288359156,0.30479843699193543,2026-06-19,2
7022.0,UG_WEB MOBWEB,Total,1 vs 2,13.011851840549046,2.40703695791739,-81.50119608327924,-23.44683132709757,2.2372015618342562,0.10555066778092742,2026-06-19,2
7043.0,UGT_ANDROID,Total,1 vs 2,0.43307227217490074,0.4648898936063874,7.346954186583611,-0.04556599876431357,0.10920124162728684,0.4203159174819051,2026-03-04,14
7043.0,UGT_ANDROID,Total,1 vs 3,0.43307227217490074,0.42156869157915833,-2.6562727135522017,-0.08691410954756153,0.06390694835607667,0.764951625593095,2026-03-04,14
7043.0,UGT_IOS,Total,1 vs 2,0.9184606546175744,0.9396531013217629,2.3073875399717103,-0.08415919393416464,0.12654408734254163,0.6933856272109397,2026-03-04,14
7043.0,UGT_IOS,Total,1 vs 3,0.9184606546175744,0.894050807262387,-2.657691130530917,-0.12789921880359964,0.07907952409322466,0.6438711516460586,2026-03-04,14
7061.0,UGT_ANDROID,Total,1 vs 2,0.15248987215161391,0.12613213260669112,-17.284911563645657,-0.08759522988180735,0.03487975079196175,0.3988904688749264,2026-03-23,8
7061.0,UGT_ANDROID,Total,1 vs 3,0.15248987215161391,0.15044979730184269,-1.337842848830559,-0.0651430634720993,0.061062913772556834,0.9494764583692126,2026-03-23,8
7061.0,UGT_ANDROID,Total,1 vs 4,0.15248987215161391,0.15721359630224638,3.097729760003913,-0.059307845053436045,0.06875529335470096,0.8850345361719751,2026-03-23,8
7061.0,UGT_ANDROID,Total,1 vs 5,0.15248987215161391,0.09220161318182615,-39.53591023398972,-0.11775970766298474,-0.002816810276590795,0.03977997073309573,2026-03-23,8
7061.0,UGT_ANDROID,Total,1 vs 6,0.15248987215161391,0.1534703414436989,0.6429733845603476,-0.06144080524710849,0.06340174383127843,0.9754404208855028,2026-03-23,8
7061.0,UGT_IOS,Total,1 vs 2,0.19785074595157398,0.1820346880316931,-7.993933934296124,-0.060078704103713444,0.028446588263951654,0.4837149649930673,2026-03-23,8
7061.0,UGT_IOS,Total,1 vs 3,0.19785074595157398,0.21264182825551678,7.475878967655279,-0.030945244847492052,0.060527409455377636,0.5261784671013869,2026-03-23,8
7061.0,UGT_IOS,Total,1 vs 4,0.19785074595157398,0.2394691473693967,21.035251202949347,-0.006150166120089222,0.08938696895573464,0.08770684934066625,2026-03-23,8
7061.0,UGT_IOS,Total,1 vs 5,0.19785074595157398,0.1998665733204744,1.0188626579117386,-0.0434679182154859,0.0474995729532867,0.930778759429033,2026-03-23,8
7061.0,UGT_IOS,Total,1 vs 6,0.19785074595157398,0.21885645737555323,10.616948307650361,-0.025215763625209837,0.06722718647316833,0.37307887304026466,2026-03-23,8
7085.0,UGT_ANDROID,Splashes,1 vs 2,0.046499284703744884,0.00904571899057446,-80.54654163347602,-0.056845135586251136,-0.01806199584008971,0.00015337272744196442,2026-03-02,5
7085.0,UGT_ANDROID,Total,1 vs 2,0.3193201491364948,0.29950492892208047,-6.205439984917531,-0.0881492341338464,0.0485187937050177,0.5698024888869748,2026-03-02,5
7085.0,UGT_IOS,Splashes,1 vs 2,0.047031553730029985,0.0085645208476022,-81.7898407168001,-0.05461850478050336,-0.022315560984352206,3.0424412334118904e-06,2026-03-02,5
7085.0,UGT_IOS,Total,1 vs 2,0.6345394948778005,0.6588259217962904,3.827409816810063,-0.06287129464208854,0.11144414847906838,0.5849680969547164,2026-03-02,5
7100.0,UGT_ANDROID,Total,1 vs 2,0.6060959192844504,0.6451235186629575,0.0643917870699123,-0.060723450024024,0.13877864878103816,0.44317906823803443,2026-03-12,9
7100.0,UGT_IOS,Total,1 vs 2,1.2941873235193817,1.3028213934776007,0.006671422135970042,-0.1442772374381675,0.1615453773546055,0.9118792199718677,2026-03-12,9
7118.0,UGT_IOS,Instant Offers,1 vs 2,0.0,0.0,0.0,0.0,0.0,1.0,2026-03-13,10
7118.0,UGT_IOS,Instant Offers,1 vs 3,0.0,0.0,0.0,0.0,0.0,1.0,2026-03-13,10
7118.0,UGT_IOS,Pro Trials,1 vs 2,0.1053776874754309,0.07067059024581013,-32.9359070796774,-0.05415534974565448,-0.015258844713587068,0.0004692427621979448,2026-03-13,10
7118.0,UGT_IOS,Pro Trials,1 vs 3,0.1053776874754309,0.13187728641483829,25.14725799575535,0.0038241809394308074,0.04917501693938396,0.021991800596900417,2026-03-13,10
7118.0,UGT_IOS,Total,1 vs 2,0.5091697346040134,0.6371834848390006,25.141665251283012,0.06998837055906557,0.18603912991090876,1.5321813062344517e-05,2026-03-13,10
7118.0,UGT_IOS,Total,1 vs 3,0.5091697346040134,0.6262642115218636,22.997140041898962,0.05833611474158651,0.17585283909411398,9.389733223377997e-05,2026-03-13,10
7118.0,UGT_IOS,Tour Install,1 vs 2,0.16778084265410254,0.2325582352473416,38.60833666617369,0.0216312114618566,0.1079235737246215,0.0032548317402767537,2026-03-13,10
7118.0,UGT_IOS,Tour Install,1 vs 3,0.16778084265410254,0.2326183870914958,38.644188103800694,0.020748312319251914,0.1089267765555346,0.003947592770344829,2026-03-13,10
7130.0,UGT_ANDROID,Splashes,1 vs 2,0.05630551379238845,0.02884280547015319,-48.774456483066054,-0.06743417759459161,0.012508760950121083,0.17810636360566023,2026-03-16,6
7130.0,UGT_ANDROID,Splashes,1 vs 3,0.05630551379238845,0.007556829064872035,-86.57888267792774,-0.08475832573760829,-0.012739043717424549,0.007970055892811363,2026-03-16,6
7130.0,UGT_ANDROID,Total,1 vs 2,0.3606120947182063,0.30966755694659626,-14.127240466357552,-0.17788579683102798,0.07599672128780782,0.4315277538457797,2026-03-16,6
7130.0,UGT_ANDROID,Total,1 vs 3,0.3606120947182063,0.20763186588151405,-42.42237880463656,-0.2687711570412169,-0.03718930063216769,0.009612716397614627,2026-03-16,6
7130.0,UGT_IOS,Splashes,1 vs 2,0.06275355965711447,0.032440599630723224,-48.304765804555636,-0.06657433116739134,0.005948411114608823,0.1013286243598158,2026-03-16,6
7130.0,UGT_IOS,Splashes,1 vs 3,0.06275355965711447,0.018681931986541778,-70.22968563278343,-0.0800953608557601,-0.008047894485385301,0.016492499026825334,2026-03-16,6
7130.0,UGT_IOS,Total,1 vs 2,0.6139194002406795,0.6338269957731436,3.242705072467103,-0.12544563220605315,0.16526082327098138,0.7883630371826419,2026-03-16,6
7130.0,UGT_IOS,Total,1 vs 3,0.6139194002406795,0.4996884799058652,-18.60682693689619,-0.2545045000350421,0.0260426593654135,0.11046992328174449,2026-03-16,6
7133.0,UGT_IOS,Total,1 vs 2,0.6283738693178674,0.6538795023089485,0.0405899007525071,-0.016579454857746208,0.06759072083990841,0.23489859320242734,2026-03-26,7
7142.0,UGT_ANDROID,Total,1 vs 2,0.7725797305250262,0.6997081819333528,-9.432236662765101,-0.5013699406594194,0.35562684347607265,0.7388953390663148,2026-03-18,3
7142.0,UGT_ANDROID,Tour,1 vs 2,0.3763090557763427,0.586196432167426,55.77526588034829,-0.13717368384622608,0.5569484366283926,0.23589859859396656,2026-03-18,3
7142.0,UGT_IOS,Total,1 vs 2,2.286896413986123,1.3971465293525334,-38.90643577872998,-1.6301710221188055,-0.1493287471483744,0.018510190842154172,2026-03-18,3
7142.0,UGT_IOS,Tour,1 vs 2,1.7126686661210777,1.0097437309962447,-41.042669199807705,-1.4005405029621771,-0.005309367287489097,0.048281682289460996,2026-03-18,3
7160.0,UGT_ANDROID,Interstitials,1 vs 2,0.10156363721327348,0.11933853013174876,17.501237062975388,-0.061171698242438594,0.09672148407938914,0.6590048183842585,2026-03-18,3
7160.0,UGT_ANDROID,Total,1 vs 2,0.29584545870260764,0.2851640979148237,-3.6104528474513895,-0.13513739778418804,0.11377467620862018,0.8664159726833727,2026-03-18,3
7160.0,UGT_IOS,Interstitials,1 vs 2,0.09157259251757864,0.19797331153799633,116.19275603668487,0.04797052325007647,0.1648309147907589,0.0003582479326266612,2026-03-18,3
7160.0,UGT_IOS,Total,1 vs 2,0.5128328788486649,0.5758225700448232,12.282693601387889,-0.06040017770097739,0.1863795600932939,0.31704522539930524,2026-03-18,3
7178.0,UG_WEB,Total,1 vs 2,1.2399715465023515,1.1882748067876832,-0.041691875801901986,-0.22069484744256732,0.11730136801323052,0.5488024999100874,2026-03-26,8
7187.0,UGT_ANDROID,Interstitials,1 vs 2,0.05452597487024414,0.08256127213422615,51.4164071906973,-0.020130874559518487,0.07620146908748249,0.25395139672657074,2026-03-27,8
7187.0,UGT_ANDROID,Interstitials,1 vs 3,0.05452597487024414,0.15119268199654476,177.28560994340606,0.036643163388691107,0.15669025086391014,0.0015968447757674867,2026-03-27,8
7187.0,UGT_ANDROID,Total,1 vs 2,0.1948106079132526,0.19286972046459572,-0.9962945393205441,-0.08036866299284694,0.07648688809553314,0.9613144885317595,2026-03-27,8
7187.0,UGT_ANDROID,Total,1 vs 3,0.1948106079132526,0.2849169096682717,46.253282980946615,0.0009987579916587164,0.17921384551837946,0.047486834527327444,2026-03-27,8
7187.0,UGT_IOS,Interstitials,1 vs 2,0.07821968961811626,0.13226830924602256,69.09848388785763,0.02407183133727807,0.08402540791853452,0.00040955992089115173,2026-03-27,8
7187.0,UGT_IOS,Interstitials,1 vs 3,0.07821968961811626,0.21258119007256707,171.7745252000229,0.09917672337402522,0.1695462775348764,7.176973283276171e-14,2026-03-27,8
7187.0,UGT_IOS,Total,1 vs 2,0.38068315650992773,0.5122490032897385,34.5604591456044,0.0604603006120895,0.20267139294753211,0.00028728791065306446,2026-03-27,8
7187.0,UGT_IOS,Total,1 vs 3,0.38068315650992773,0.46790380538656645,22.91161229098512,0.020050544441987214,0.1543907533112902,0.010927114719254012,2026-03-27,8
7193.0,UG_WEB,Total,1 vs 2,1.8921892948482242,1.8174269719476503,-3.9511016738190907,-0.9170392505253567,0.7675146047242088,0.8618885323765643,2026-04-02,4
7193.0,UG_WEB,Total,1 vs 3,1.8921892948482242,1.415948853678851,-25.16875253792054,-1.2970341168093573,0.3445532344706105,0.2554508452374049,2026-04-02,4
7199.0,UG_WEB,Total,1 vs 2,11.994572610876437,12.805062671390667,6.757139973285032,-0.7678662231609992,2.3888463441894583,0.31420078282150077,2026-04-07,8
7208.0,UGT_IOS,Total,1 vs 2,2.2587972132155687,1.6824743923374559,-25.514588804440468,-1.0548752656311577,-0.09777037612506806,0.018255570318505204,2026-03-29,3
7208.0,UGT_IOS,Total,1 vs 3,2.2587972132155687,1.9111638889595457,-15.390196261183654,-0.8294101899583259,0.13414354144627988,0.15729103230659022,2026-03-29,3
7208.0,UGT_IOS,Tour,1 vs 2,1.7882731346190652,1.2282999590201702,-31.313626803333904,-1.0160251024852218,-0.10392124871256841,0.01610250177903922,2026-03-29,3
7208.0,UGT_IOS,Tour,1 vs 3,1.7882731346190652,1.3381951056147015,-25.168304566642085,-0.9071341658041395,0.006978107795411859,0.05360185442402654,2026-03-29,3
7211.0,UGT_ANDROID,Total,1 vs 2,5.875772736397656,5.529701424720051,-5.889800834771151,-1.3440908161567333,0.6519481928015234,0.4967366678738343,2026-04-14,19
7220.0,UG_WEB,Total,1 vs 2,0.06474056633763343,0.07094940187715548,9.590332446494026,-0.06200534544147818,0.07442301652052226,0.8584124853270213,2026-04-07,12
7229.0,UGT_ANDROID,Splashes,1 vs 2,0.04547980631659216,0.019346423376976774,-57.4615088676868,-0.048260034404760004,-0.004006731474470771,0.02061963276177425,2026-04-17,12
7229.0,UGT_ANDROID,Splashes,1 vs 3,0.04547980631659216,0.03176114183782431,-30.164298377328276,-0.03795348870763186,0.01051615975009616,0.2672225359007806,2026-04-17,12
7229.0,UGT_ANDROID,Splashes,1 vs 4,0.04547980631659216,0.03769319457358806,-17.12103101055501,-0.03202969525212179,0.016456471766113586,0.5290094177789519,2026-04-17,12
7229.0,UGT_ANDROID,Splashes,1 vs 5,0.04547980631659216,0.02369452861641803,-47.900990493502434,-0.04529822282041357,0.0017276674200653076,0.06937786625236697,2026-04-17,12
7229.0,UGT_ANDROID,Total,1 vs 2,0.31544137137285083,0.30784589903334075,-2.407887179304788,-0.08252736879861824,0.06733642411959807,0.8425195108761604,2026-04-17,12
7229.0,UGT_ANDROID,Total,1 vs 3,0.31544137137285083,0.26234409243966794,-16.8326934105362,-0.12529784209593847,0.019103284229572665,0.1494761581180392,2026-04-17,12
7229.0,UGT_ANDROID,Total,1 vs 4,0.31544137137285083,0.281021333552041,-10.911706879477592,-0.107141161802065,0.038301086160445336,0.35357285686687034,2026-04-17,12
7229.0,UGT_ANDROID,Total,1 vs 5,0.31544137137285083,0.27984080716152226,-11.285952776704358,-0.10909318104088428,0.03789205261822713,0.3424038365805333,2026-04-17,12
7229.0,UGT_IOS,Splashes,1 vs 2,0.10126386120557807,0.05460108637123875,-46.08038275333799,-0.07938076504223324,-0.013944784626445411,0.005184784749844358,2026-04-17,12
7229.0,UGT_IOS,Splashes,1 vs 3,0.10126386120557807,0.06024376542981394,-40.50812924512951,-0.07444404251459921,-0.0075961490369290535,0.01615484021916225,2026-04-17,12
7229.0,UGT_IOS,Splashes,1 vs 4,0.10126386120557807,0.057058251489159516,-43.65388519669,-0.07695541697061381,-0.01145580246222331,0.008155712588487761,2026-04-17,12
7229.0,UGT_IOS,Splashes,1 vs 5,0.10126386120557807,0.06891041419390273,-31.949647807714804,-0.06669320655375054,0.00198631253039986,0.06480601716571939,2026-04-17,12
7229.0,UGT_IOS,Total,1 vs 2,0.7835685326315976,0.7229838720409922,-7.731890455980049,-0.15821760101667937,0.037048279835468545,0.2238987164260955,2026-04-17,12
7229.0,UGT_IOS,Total,1 vs 3,0.7835685326315976,0.7191470063664033,-8.221556071022414,-0.1623883873151879,0.033545334784799125,0.19745278637075558,2026-04-17,12
7229.0,UGT_IOS,Total,1 vs 4,0.7835685326315976,0.8004269667872229,2.1514945347545527,-0.08410985265634549,0.117826720967596,0.7434784174440574,2026-04-17,12
7229.0,UGT_IOS,Total,1 vs 5,0.7835685326315976,0.8569927961331328,9.370496701155345,-0.029114765502894435,0.1759632925059648,0.16048120452908987,2026-04-17,12
7232.0,UG_WEB,Total,1 vs 2,0.04629570691119317,0.043024473465315044,-7.065954197768649,-0.03610075656769212,0.029558289675935864,0.8451606276387326,2026-04-09,3
7235.0,UG_WEB,Total,1 vs 2,13.92975099962941,10.069076858073364,-27.71531337249859,-5.872186886703348,-1.8491613964087446,0.00016873730843843852,2026-04-07,5
7238.0,UG_WEB,Total,1 vs 2,1.0687136425607386,1.0233706113360956,-4.2427671378833365,-0.4824267736881067,0.3917407112388206,0.838879843055388,2026-04-22,7
7241.0,UG_WEB,Total,1 vs 2,8.610602399428114,10.17016104832225,18.112073656980332,-0.3734012853780535,3.4925185831663246,0.11379890895276423,2026-04-29,22
7256.0,UGT_ANDROID,Official tabs,1 vs 2,0.044030442262560594,0.09378965606960492,113.01093345899673,-0.05498359113979633,0.15450201875388497,0.35180064718131443,2026-04-14,5
7256.0,UGT_ANDROID,Total,1 vs 2,0.2240608852916431,0.2322280121991106,3.6450480398829788,-0.1845975735883923,0.20093182740332724,0.9338193468369389,2026-04-14,5
7256.0,UGT_IOS,Official tabs,1 vs 2,0.181248782817646,0.20338303252665085,12.212081849550444,-0.07160605075000295,0.11587455016801264,0.6435129221754219,2026-04-14,5
7256.0,UGT_IOS,Total,1 vs 2,0.7364232590569653,0.7872853683580151,6.906640804118798,-0.13575079644691956,0.23747501504901922,0.5932058079957647,2026-04-14,5
7265.0,UGT_IOS,Total,1 vs 2,2.017814938052476,1.96970365303938,-2.384325941185238,-0.25908660649960785,0.16286403647341574,0.6549078557199423,2026-04-17,8
7268.0,UG_WEB,Total,1 vs 2,1.2054643173148796,1.2607276997988737,4.584406331254245,-0.03838342697264584,0.14891019194063398,0.24742561090999493,2026-04-29,21
7280.0,UGT_IOS,Total,1 vs 2,0.6462142608716291,0.7132595729415874,10.375090141081987,-0.03641510824640308,0.1705057323863195,0.2040444774075012,2026-05-25,15
7280.0,UGT_IOS,Tour,1 vs 2,0.1474849448112527,0.249659493633886,69.2779516942516,0.037510439129806436,0.16683865851546015,0.0019555425428196545,2026-05-25,15
7289.0,UGT_ANDROID,Interstitials,1 vs 2,0.05167769878072783,0.05379437110106452,4.095910557700876,-0.012625516048209625,0.016858860688882996,0.7783958300879574,2026-05-04,17
7289.0,UGT_ANDROID,Total,1 vs 2,0.3005192276683883,0.32447224286138465,7.970543308938495,-0.01067486338552738,0.05858089377152009,0.17517596082643083,2026-05-04,17
7289.0,UGT_IOS,Interstitials,1 vs 2,0.12863711650386755,0.12012935347089884,-6.613770009927827,-0.028014361659266084,0.010998835593328656,0.3926428993242205,2026-05-04,17
7289.0,UGT_IOS,Total,1 vs 2,0.6705085524989705,0.6956357264724209,3.7474800104789145,-0.019151185409916213,0.06940553335681707,0.2660330944979249,2026-05-04,17
7304.0,UG_WEB,Total,1 vs 2,1.1596903253046458,1.1561679293095424,-0.30373591279017365,-0.16803394486211246,0.16098915287190563,0.9665263952715345,2026-04-29,8
7316.0,UGT_ANDROID,Total,1 vs 2,0.2440895095560123,0.20199058018223232,-17.247332525824653,-0.09350095115393606,0.009303092406376078,0.10844183691983127,2026-05-04,8
7316.0,UGT_ANDROID,Total,1 vs 3,0.2440895095560123,0.25091068297150493,2.7945377201584902,-0.0475965488700749,0.06123889570106014,0.805931261208542,2026-05-04,8
7316.0,UGT_IOS,Splashes,1 vs 2,0.06768391072748138,0.039488605404968374,-41.65732301733712,-0.050310884364750355,-0.006079726280275664,0.012462456963346994,2026-05-05,9
7316.0,UGT_IOS,Splashes,1 vs 3,0.06768391072748138,0.03796377415123461,-43.91019410197828,-0.05154136215352431,-0.00789891099896924,0.007597841767434227,2026-05-05,9
7316.0,UGT_IOS,Total,1 vs 2,0.788096367575455,0.7798469991934525,-1.0467461495072425,-0.10041704889566794,0.08391831213166287,0.8607461279070729,2026-05-05,9
7316.0,UGT_IOS,Total,1 vs 3,0.788096367575455,0.7722902308056304,-2.005609646248145,-0.10751274148383295,0.07590046794418381,0.7355059571798049,2026-05-05,9
7328.0,UG_WEB,Total,1 vs 2,11.302960003361353,12.460639773215448,10.242270781368918,-0.2290303559210234,2.5443898956292132,0.10178633880847258,2026-05-11,8
7328.0,UG_WEB,Total,1 vs 3,11.302960003361353,12.777982544898986,13.049878448645142,0.07775098226489252,2.8722941008103744,0.038543655499735104,2026-05-11,8
7331.0,UG_WEB,Total,1 vs 2,0.08438109636127904,0.05449146498657053,-35.422188930486946,-0.14528463693819307,0.08550537418877602,0.6116846780823755,2026-05-03,5
7334.0,UGT_IOS,Total,1 vs 2,1.884842143426657,1.6950497479887108,-10.069405339849954,-0.389553702419952,0.009968911544059711,0.06258142662819288,2026-05-11,8
7334.0,UGT_IOS,Tour,1 vs 2,1.383268233317073,1.2326927340195217,-10.885488126657231,-0.33824817388038275,0.03709717528528031,0.11582565672319521,2026-05-11,8
7355.0,UGT_ANDROID,Official tabs,1 vs 2,0.04877895089556882,0.08240801332370346,68.94175010063525,-0.010990949252313892,0.07824907410858314,0.13962761963235018,2026-05-12,9
7355.0,UGT_ANDROID,Total,1 vs 2,0.2375184604848506,0.23836048533234966,0.3545092224748458,-0.08259085906043942,0.08427490875543754,0.9842185288984073,2026-05-12,9
7355.0,UGT_IOS,Official tabs,1 vs 2,0.15325755413461756,0.3160183183863355,106.20081024440269,0.08973609033871625,0.23578543816471959,1.2512675575320847e-05,2026-05-12,9
7355.0,UGT_IOS,Total,1 vs 2,0.7889931265432277,0.8680112307130523,10.015056090034937,-0.05906362058309689,0.217099828922746,0.26203201003283305,2026-05-12,9
7361.0,UGT_ANDROID,Total,1 vs 2,0.5872229766950913,0.6055725082649382,3.124797955474886,-0.11416682307405412,0.15086588621374805,0.7860864060717274,2026-05-12,9
7361.0,UGT_ANDROID,Total,1 vs 3,0.5872229766950913,0.5938972348531663,1.1365798722042373,-0.12495534147000004,0.13830385778614998,0.9208368272146173,2026-05-12,9
7361.0,UGT_ANDROID,Winbacks,1 vs 2,0.07741480859420732,0.16014993489182766,106.87248060161336,0.02152172922468657,0.14394852337055408,0.008071636634425467,2026-05-12,9
7361.0,UGT_ANDROID,Winbacks,1 vs 3,0.07741480859420732,0.13882790994040572,79.3299143425044,0.004532383395619115,0.11829381929677768,0.034333045376641155,2026-05-12,9
7361.0,UGT_IOS,Total,1 vs 2,0.7432308588994186,0.778004578915303,4.678723925346354,-0.04382037352618251,0.1133678135579511,0.385843303530627,2026-05-12,9
7361.0,UGT_IOS,Total,1 vs 3,0.7432308588994186,0.7781641030568899,4.700187531126011,-0.04268206811629033,0.11254855643123278,0.37769881266811745,2026-05-12,9
7361.0,UGT_IOS,Winbacks,1 vs 2,0.07782016980893881,0.09100559473199644,16.94345431965774,-0.01406554192132033,0.04043639176743559,0.34296057564496707,2026-05-12,9
7361.0,UGT_IOS,Winbacks,1 vs 3,0.07782016980893881,0.08532509516133577,9.643933405469003,-0.019305769313176773,0.03431562001797068,0.5832534543679844,2026-05-12,9
7379.0,UGT_ANDROID,Floating Splash,1 vs 2,0.011411926317491659,0.0011965352962397518,-89.51504537489207,-0.01681574749127484,-0.003615034551228978,0.0024178118823991374,2026-05-14,3
7379.0,UGT_ANDROID,Total,1 vs 2,0.10204409291756755,0.11174589698331747,9.507462694177846,-0.02490803748233953,0.04431164561383935,0.5827202768247908,2026-05-14,3
7379.0,UGT_IOS,Floating Splash,1 vs 2,0.023149432386901977,0.0036146141817204845,-84.38573300066898,-0.027063531354610627,-0.012006105055752359,3.665897034982858e-07,2026-05-14,3
7379.0,UGT_IOS,Total,1 vs 2,0.22887077975834325,0.20657646722378034,-9.74100431610479,-0.05568167823703638,0.011093053167910566,0.19061565129614721,2026-05-14,3
7382.0,UG_WEB,Total,1 vs 2,0.030879326138452137,0.07813583559319665,153.0360774158827,-0.0047482663226020225,0.09926128523209102,0.0749107201724758,2026-05-21,8
7394.0,UG_WEB,Pro,1 vs 2,7.797355762387711,8.265748222342577,6.007067962888928,-0.2761861533543568,1.2129710732640884,0.2175923392269069,2026-05-08,10
7394.0,UG_WEB,Relaunch,1 vs 2,8.480477789235232,9.446364489688149,11.389531633217329,-0.5072205326863319,2.4389939335921644,0.1987542485184507,2026-05-08,3
7394.0,UG_WEB,Total,1 vs 2,9.872900267464317,9.89210210157838,0.19449030775022202,-0.801044964639301,0.8394486328674284,0.9634039709137688,2026-05-08,10
7430.0,UG_WEB,Total,1 vs 2,0.33110187746240594,0.3586333097204659,8.315093973209489,-0.027572123917334955,0.0826349884334549,0.3274523606252323,2026-05-19,8
7433.0,UG_WEB,Total,1 vs 2,0.29338027613823403,1.2853221252184956,338.10788582559024,0.2713980598277661,1.712485638332757,0.006971581967271219,2026-05-25,15
7454.0,UGT_ANDROID,Free,1 vs 2,0.11858838593587515,0.12160943247946865,2.5475062500868235,-0.014765050903845747,0.020807143991032746,0.7392033785161568,2026-05-27,10
7454.0,UGT_ANDROID,Interstitials,1 vs 2,0.02896706800643309,0.029083048737607017,0.40038823103591725,-0.007787801988316049,0.008019763450663905,0.9770554717693336,2026-05-27,10
7454.0,UGT_ANDROID,Total,1 vs 2,0.11857962249178987,0.1215958756329212,2.5436521703719897,-0.01476819928214423,0.020800705564406878,0.7395789373533781,2026-05-27,10
7454.0,UGT_IOS,Free,1 vs 2,0.40208350581093505,0.3511476621081115,-12.667976419498855,-0.11831930302624227,0.016447615620595143,0.1384582735310994,2026-05-25,8
7454.0,UGT_IOS,Interstitials,1 vs 2,0.07127060544836267,0.042235482704862125,-40.73926769786909,-0.0531402776087296,-0.004929967878271487,0.01823485796981384,2026-05-25,8
7454.0,UGT_IOS,Total,1 vs 2,0.40208350581093505,0.3511476621081115,-12.667976419498855,-0.11831930302624227,0.016447615620595143,0.1384582735310994,2026-05-25,8
7460.0,UG_WEB,Total,1 vs 2,0.22643561508485172,0.23975256185179358,5.881118463609021,-0.006218312029262478,0.032852205563146206,0.18152199748716658,2026-05-27,8
7466.0,UGT_ANDROID,Total,1 vs 2,0.9395135986198925,0.9632848433227301,2.530165048995208,-0.06911263115600116,0.11665512056167643,0.6159471669727319,2026-06-11,17
7466.0,UGT_ANDROID,Tour,1 vs 2,0.6653383574381853,0.7255162045672746,9.044698303701859,-0.02217061052383587,0.14252630478201456,0.1520624395965308,2026-06-11,17
7466.0,UGT_IOS,Total,1 vs 2,2.331770506847975,2.5262877397341903,8.342040192847223,0.015764739756681634,0.37326972601574926,0.03293955075374725,2026-06-11,17
7466.0,UGT_IOS,Tour,1 vs 2,1.7910163623571276,1.9331179177111224,7.934129377074885,-0.027431465087616153,0.3116345757956057,0.10041811293328008,2026-06-11,17
7472.0,UG_WEB,Courses,1 vs 2,0.5410165998931303,0.4788102171217084,-11.498054363527823,-0.23039427585448785,0.10598151031164396,0.46850292563515217,2026-06-29,41
7472.0,UG_WEB,Total,1 vs 2,1.0581696444079418,0.9062760704117315,-14.354368866931209,-0.37730097612156577,0.07351382812914517,0.18658605605162848,2026-06-29,41
7475.0,UG_WEB,Songbooks,1 vs 2,0.3107968934343537,0.18455275439907431,-40.619498361216586,-0.24797824729267037,-0.004510030777888391,0.04209526285960707,2026-06-23,35
7475.0,UG_WEB,Total,1 vs 2,0.8315713920633458,0.5661967674428205,-31.912428343892586,-0.4636119293201369,-0.06713731992091376,0.008696813710094705,2026-06-23,35
7478.0,UGT_IOS,Total,1 vs 2,1.797663088733472,1.6074309122995327,-10.58219293849804,-0.7101929233363072,0.32972857046842863,0.4733309509787885,2026-05-29,2
7478.0,UGT_IOS,Tour,1 vs 2,1.3238613317441157,1.0667962690493618,-19.41782394656732,-0.7415872402825343,0.22745711489302634,0.2984020399106414,2026-05-29,2
7487.0,UGT_ANDROID,Total,1 vs 2,0.40885320120291035,0.5036804585308581,23.193473121636575,-0.07630124926584483,0.26595576392174025,0.2774468037552693,2026-06-12,15
7487.0,UGT_ANDROID,Winbacks,1 vs 2,0.14953421294789468,0.18586493707378327,24.295927607248018,-0.06096840148348445,0.1336298497352616,0.4642692507517362,2026-06-12,15
7487.0,UGT_IOS,Total,1 vs 2,0.41672213506189804,0.4575683833250188,9.801794727571565,-0.048359301165777885,0.1300517976920194,0.3694809042819972,2026-06-12,22
7487.0,UGT_IOS,Winbacks,1 vs 2,0.048365111127330766,0.14864199267123987,207.33309446950358,0.06307490638234636,0.13747885670547183,1.270659640489539e-07,2026-06-12,22
7493.0,UGT_ANDROID,Inner Paywalls,1 vs 2,0.24705572218776972,0.2103705720516679,-14.848937645014356,-0.08665433731652572,0.013284037044322052,0.15017369939108935,2026-05-29,4
7493.0,UGT_ANDROID,Paid Tour,1 vs 2,0.6250156222463206,0.47110186502320106,-24.625585624556056,-0.4788945968003232,0.17106708235408408,0.3532747814242452,2026-05-29,4
7493.0,UGT_ANDROID,Total,1 vs 2,0.42830613109561205,0.35587638695273227,-16.910741846632842,-0.1399151642942796,-0.004944323991479968,0.03541676927194637,2026-05-29,4
7493.0,UGT_ANDROID,Tour,1 vs 2,0.18125040890784241,0.1455058149010644,-19.7211108224051,-0.08152898477247306,0.010039796758917016,0.12597348933596064,2026-05-29,4
7496.0,UGT_IOS,Features,1 vs 2,0.5908609011108384,0.5760799948000218,-2.501588154340223,-0.07757293665287561,0.04801112403124233,0.6445367698479756,2026-06-14,13
7496.0,UGT_IOS,Total,1 vs 2,2.076346633111185,2.21852069432019,6.847318214684245,-0.026139880239770735,0.3104880026577811,0.09780829463051272,2026-06-14,13
7496.0,UGT_IOS,Tour,1 vs 2,1.4854857320003474,1.6424406995201706,10.565902057401013,-0.0013134502347312838,0.31522338527437765,0.051931821648064126,2026-06-14,13
7502.0,UG_WEB,Total,1 vs 2,1.5294864212110613,1.390695178075434,-9.074369096113395,-0.3136058877504686,0.03602340147921393,0.11968870879459256,2026-06-08,13
7502.0,UG_WEB,Total,1 vs 3,1.5294864212110613,1.3418697442012153,-12.266645483605496,-0.3871676242408552,0.011934270221163223,0.06536594331616541,2026-06-08,13
7505.0,UG_WEB,Pro Free,1 vs 2,1.1964566098684812,1.2540605205596944,4.814542392602537,-0.060231645769105835,0.17543946715153216,0.33799802840875737,2026-06-05,11
7505.0,UG_WEB,Total,1 vs 2,1.1768327673474632,1.2275872497787088,4.312803300476097,-0.06398004260223189,0.16548900746472303,0.3859318646341855,2026-06-05,11
7523.0,UG_WEB,Total,1 vs 2,10.747480831774535,10.666809977242773,-0.7506024508856236,-0.7413515044304446,0.58000979536692,0.8108599504457982,2026-06-18,14
7535.0,UG_WEB,Total,1 vs 2,7.36989306291678,8.278780058281846,12.332431252474061,-0.04365268797297073,1.8614266787031037,0.06146391071328174,2026-06-22,18
7547.0,UGT_ANDROID,Total,1 vs 2,0.08959761202096542,0.09008376840438828,0.5425997104801253,-0.010603771408385188,0.011576084175230915,0.931529840099214,2026-06-17,6
7547.0,UGT_IOS,Total,1 vs 2,0.12538625766936143,0.12068797031372776,-3.7470512661944717,-0.014985759897916211,0.005589185186648868,0.370725459300164,2026-06-17,6
7559.0,UG_WEB,Total,1 vs 2,0.3453560713624554,0.35137123907906337,1.7417292514585596,-0.051198848947688926,0.06322918438090488,0.83674415538407,2026-06-18,9
7568.0,UGT_IOS,Features,1 vs 2,0.44901727672866865,0.4529206853766739,0.8693225963249522,-0.06880602439704624,0.07661284169305674,0.9162006537459947,2026-06-29,11
7568.0,UGT_IOS,Total,1 vs 2,2.080123940910565,2.2611575701489612,8.703021280508393,-0.0384509591726922,0.4005182176494847,0.10596405390314034,2026-06-29,11
7568.0,UGT_IOS,Tour,1 vs 2,1.5009210650283356,1.6451383778461635,9.608587431951676,-0.06216305758279414,0.3505976832184499,0.1708084947823153,2026-06-29,11
7577.0,UGT_ANDROID,Official tabs,1 vs 2,0.026587874743440796,0.058948596032744806,121.71232789972191,-0.008926972752693559,0.07364841533130156,0.12449116118984617,2026-06-19,6
7577.0,UGT_ANDROID,Official tabs,1 vs 3,0.026587874743440796,0.07932447693940532,198.34831743734838,0.0060718138843470285,0.09940139050758201,0.02676104287774459,2026-06-19,6
7577.0,UGT_ANDROID,Total,1 vs 2,0.2150825321326416,0.22510480185793963,4.659732069323637,-0.07795072328656868,0.09799526273716469,0.8233115957744134,2026-06-19,6
7577.0,UGT_ANDROID,Total,1 vs 3,0.2150825321326416,0.19143491583522804,-10.994670772626979,-0.11188238440666455,0.06458715181183737,0.5993844838535912,2026-06-19,6
7577.0,UGT_IOS,Official tabs,1 vs 2,0.15643160119661945,0.31153309974343973,99.14972253711873,0.08244411758173985,0.2277588795119007,2.8651314542745593e-05,2026-06-19,6
7577.0,UGT_IOS,Official tabs,1 vs 3,0.15643160119661945,0.2541257834489444,62.45169230834169,0.028322010020750174,0.16706635448389967,0.005777615964480158,2026-06-19,6
7577.0,UGT_IOS,Total,1 vs 2,0.5934574332760442,0.7178563422320718,20.961723955383345,0.005686516317514045,0.24311130159454128,0.0399902660111028,2026-06-19,6
7577.0,UGT_IOS,Total,1 vs 3,0.5934574332760442,0.6588860750089823,11.024993211687402,-0.05037680429836601,0.18123408776424232,0.2681403181389411,2026-06-19,6
7598.0,UG_WEB,Total,1 vs 2,0.040664188728962734,0.035537158665447356,-12.608219231147954,-0.010267752186532959,1.3692059502200954e-05,0.05061332728231042,2026-06-25,7
7604.0,UGT_ANDROID,Post Post Decline,1 vs 2,0.3739142455785657,0.3259998534032423,-12.814272989568614,-0.1777814693562288,0.08195268500558198,0.4696014223137258,2026-07-06,5
7604.0,UGT_ANDROID,Total,1 vs 2,0.5300410671067923,0.4470672448621477,-15.654225190050623,-0.23272260304166187,0.06677495855237262,0.27748334322239077,2026-07-06,5
7604.0,UGT_IOS,Post Post Decline,1 vs 2,0.6536881365104742,0.5621446159780541,-14.00415816341701,-0.15616649428590626,-0.02692054677893395,0.005495727011699857,2026-07-21,20
7604.0,UGT_IOS,Total,1 vs 2,0.9975124081015843,1.0821763172229895,8.487504359222289,-0.007735850867293087,0.17706366911010346,0.07251475443544873,2026-07-21,20
7607.0,UGT_ANDROID,Floating Splash,1 vs 2,0.01607499531997573,0.0014261344444719362,-91.12824348570891,-0.018850457801821437,-0.010447263949186159,8.291879979603835e-12,2026-07-13,5
7607.0,UGT_ANDROID,Floating Splash,1 vs 3,0.01607499531997573,0.002630233824486597,-83.63773194249012,-0.017814583488404357,-0.009074939502573914,1.6367627652896708e-09,2026-07-13,5
7607.0,UGT_ANDROID,Total,1 vs 2,0.12216506939434331,0.12250981261617581,0.28219459420081017,-0.01976316274044086,0.020452649184105866,0.9731937960105518,2026-07-13,5
7607.0,UGT_ANDROID,Total,1 vs 3,0.12216506939434331,0.13393919818288666,9.63788491007769,-0.009056792259611222,0.032605049836697916,0.26794044379298,2026-07-13,5
7607.0,UGT_IOS,Floating Splash,1 vs 2,0.023451868598756278,0.0030452003462121996,-87.01510571156068,-0.027929699094074608,-0.012883637411013553,1.057713051811788e-07,2026-07-13,5
7607.0,UGT_IOS,Floating Splash,1 vs 3,0.023451868598756278,0.005082447607048466,-78.32817634276697,-0.02613808075114033,-0.01060076123227529,3.579014509837826e-06,2026-07-13,5
7607.0,UGT_IOS,Total,1 vs 2,0.40066803361540976,0.42037377577382484,4.918221696051272,-0.03412313559974678,0.07353461991657693,0.473061910880064,2026-07-13,5
7607.0,UGT_IOS,Total,1 vs 3,0.40066803361540976,0.4313076285183465,7.647127380355684,-0.0237794124393197,0.08505860224519313,0.26980109584167233,2026-07-13,5
7610.0,UGT_ANDROID,Total,1 vs 2,0.3710835982899808,0.4698832783121971,26.624642123096475,-0.0827740005588414,0.28037336060327406,0.2862089154414812,2026-06-29,11
7610.0,UGT_ANDROID,Tour,1 vs 2,0.1931060840710813,0.3259262723983473,68.7809444048255,-0.011548608442894875,0.2771889850974269,0.07136010419003352,2026-06-29,11
7610.0,UGT_IOS,Total,1 vs 2,0.569147761301964,0.7531626111955053,32.33164784353978,0.030397406116735026,0.33763229367034764,0.0188848419984695,2026-06-29,11
7610.0,UGT_IOS,Tour,1 vs 2,0.42836380036825744,0.6291334310296218,46.86895355974664,0.06114684611149068,0.3403924152112381,0.004827614519546628,2026-06-29,11
7622.0,UGT_ANDROID,Official tabs,1 vs 2,0.053242071298902224,0.0751380865805729,41.12540092354022,-0.0061262314449978365,0.04991826200833918,0.1256517668284361,2026-07-06,18
7622.0,UGT_ANDROID,Official tabs,1 vs 3,0.053242071298902224,0.07744169929789396,45.452078419591274,-0.004590996894015105,0.052990252891998574,0.09947069099236916,2026-07-06,18
7622.0,UGT_ANDROID,Total,1 vs 2,0.27866000081985315,0.26866995651612463,-3.585029883850046,-0.0656477430175148,0.04566765441005777,0.7249916458392727,2026-07-06,18
7622.0,UGT_ANDROID,Total,1 vs 3,0.27866000081985315,0.30722680257056173,10.251489868176781,-0.03044202805800047,0.08757563155941761,0.3427023003278371,2026-07-06,18
7622.0,UGT_IOS,Official tabs,1 vs 2,0.16700664071549984,0.26218215000432094,56.989056771074786,0.0553566944643806,0.13499432411326157,2.8032323836281062e-06,2026-07-10,22
7622.0,UGT_IOS,Official tabs,1 vs 3,0.16700664071549984,0.22740660304148205,36.166203970820014,0.02234776123450164,0.09845216341746278,0.0018643248564561333,2026-07-10,22
7622.0,UGT_IOS,Total,1 vs 2,0.6794593912973935,0.8130425502579771,19.66021232049104,0.059087431060786594,0.20807888686038056,0.0004405171034322702,2026-07-10,22
7622.0,UGT_IOS,Total,1 vs 3,0.6794593912973935,0.7599390734975858,11.844664041881945,0.007179467237995632,0.15377989716238893,0.03140249509603095,2026-07-10,22
7625.0,UG_WEB,Total,1 vs 2,1.583225419922482,1.6874291522509162,6.5817369413848965,-0.06262764283935424,0.2710351074962225,0.22087544877704668,2026-07-03,12
7625.0,UG_WEB,US,1 vs 2,2.5591905349143387,2.81540119850538,10.01139462246477,-0.12459171171613753,0.6370130388982205,0.1872697949813844,2026-07-03,12
7625.0,UG_WEB,not US,1 vs 2,1.1662319593728079,1.2197387802291015,4.588008451172037,-0.12005645365426604,0.22707009536685333,0.5456934021323925,2026-07-03,12
7628.0,UG_WEB,Total,1 vs 2,1.6143282486966377,1.5952684021606955,-1.180667348869757,-0.21649511238846922,0.17837541931658482,0.8499286824575114,2026-07-02,8
7631.0,UGT_ANDROID,Interstitials,1 vs 2,0.03538497260249574,0.04467133791204895,26.24381093599668,-0.010048462226559293,0.028621192845665704,0.346522834213136,2026-06-30,9
7631.0,UGT_ANDROID,Total,1 vs 2,0.3082142511101473,0.2972162538600379,-3.568296148051564,-0.0754612858497604,0.05346529134954167,0.7380876318494265,2026-06-30,9
7631.0,UGT_IOS,Interstitials,1 vs 2,0.07504596880187415,0.06850541018314162,-8.715403003191291,-0.028801397763884868,0.015720280526419782,0.5647057907765758,2026-06-30,9
7631.0,UGT_IOS,Total,1 vs 2,0.6045230158239848,0.5884027257578965,-2.66661312210186,-0.0944951976372941,0.062254617505117515,0.6868534230387999,2026-06-30,9
7634.0,UGT_ANDROID,Interstitials,1 vs 2,0.04312126948487728,0.023387777779193833,-45.7627800420023,-0.03745570577837243,-0.0020112776329944716,0.029080136509031303,2026-06-30,9
7634.0,UGT_ANDROID,Total,1 vs 2,0.35824608352679405,0.30407469287972044,-15.121279237382648,-0.12138379309779491,0.013041011803647695,0.11418055411736265,2026-06-30,9
7634.0,UGT_IOS,Interstitials,1 vs 2,0.04508335421180086,0.06207119737206371,37.68096552988102,-0.0035677891368454707,0.03754347545737116,0.10527997589158511,2026-06-30,9
7634.0,UGT_IOS,Total,1 vs 2,0.6064345431691728,0.6395857806927584,5.46658133132394,-0.049107007815003545,0.11540948286217477,0.4295901220037577,2026-06-30,9
7637.0,UG_WEB,Total,1 vs 2,0.03537732989062882,0.03380127215470045,-4.45499346841848,-0.012451258995978858,0.009299143524122111,0.7763780192174086,2026-06-30,5
7637.0,UG_WEB,Total,1 vs 3,0.03537732989062882,0.034461190727536506,-2.5896221278559293,-0.011713586246263074,0.009881307920078445,0.8679220092154565,2026-06-30,5
7637.0,UG_WEB,Total,1 vs 4,0.03537732989062882,0.030676275569561536,-13.288324290162318,-0.014804948438803147,0.005402839796668578,0.3618132273629604,2026-06-30,5
7637.0,UG_WEB,Total,1 vs 5,0.03537732989062882,0.04969662925505584,40.47591892518742,0.0018327151824269125,0.026805883546427118,0.024599333828287016,2026-06-30,5
7637.0,UG_WEB,Total,1 vs 6,0.03537732989062882,0.03265772562965443,-7.687420925723369,-0.01316207900078393,0.007722870478835152,0.6097385713063792,2026-06-30,5
7640.0,UGT_ANDROID,Total,1 vs 2,0.39311712093266743,0.4358681713991877,10.874888980946373,-0.09369299797060868,0.1791950989036492,0.5391481389242068,2026-07-09,3
7640.0,UGT_IOS,Total,1 vs 2,1.391144294834505,1.4400646660137284,3.516556216409108,-0.36394558305841174,0.46178632541685855,0.8163550418270982,2026-07-09,3
7643.0,UG_WEB,Non US,1 vs 2,0.4368540342279311,0.6347488971861168,45.29999667003943,-0.009606193214294512,0.40539591913066586,0.06159108696674398,2026-07-09,7
7643.0,UG_WEB,Total,1 vs 2,0.8328708883855891,0.8675910428420301,4.168731905582811,-0.18260607822449265,0.2520463871373747,0.7541857812797748,2026-07-09,7
7643.0,UG_WEB,US,1 vs 2,1.8516529794315102,1.4863609101274888,-19.727890342399494,-0.9238154625896642,0.19323132398162135,0.19988516429930148,2026-07-09,7
7679.0,UGT_ANDROID,Total,1 vs 2,0.23597165821209629,0.20911702897768158,-11.38044688836199,-0.10486245388688022,0.05115319541805079,0.49984824469081945,2026-07-13,7
7679.0,UGT_IOS,Total,1 vs 2,0.4862683469935124,0.4602036016850634,-5.360156685007658,-0.1265295004614254,0.0744000098445274,0.6111052927996425,2026-07-13,7
7685.0,UG_WEB,Total,1 vs 2,1.8634639902003136,2.034646755329518,9.18626633138229,-0.07265756809485033,0.415023098353259,0.16883717983905588,2026-07-13,12
7691.0,UGT_IOS,Total,1 vs 2,0.10102078492216457,0.09811336186263199,-2.878044416080035,-0.008643382793890252,0.002828536674825092,0.32048601039924396,2026-07-23,10
7691.0,UGT_IOS,Total,1 vs 3,0.10102078492216457,0.0,-100.0,-0.10508382875811734,-0.0969577410862118,0.0,2026-07-23,9
7694.0,UG_WEB,Total,1 vs 2,5.191190460750035,4.6299534908560815,-10.811334589578223,-2.2992941308014556,1.1768201910135476,0.5268035053868115,2026-07-16,7
7697.0,UGT_ANDROID,Total,1 vs 2,0.2912405295028532,0.24704867220826665,-15.173663284441183,-0.1346922039050657,0.046308489315892626,0.3385359288331443,2026-07-23,17
7697.0,UGT_ANDROID,Tour,1 vs 2,0.20172432700161363,0.15613790025438337,-22.598378403248116,-0.12266005501297059,0.03148720151851005,0.24635349745327784,2026-07-23,17
7697.0,UGT_IOS,Total,1 vs 2,0.9984905542759325,0.8014735434749325,-19.731484685287707,-0.5076524481514864,0.11361842654948634,0.21383652111516793,2026-07-23,17
7697.0,UGT_IOS,Tour,1 vs 2,0.6935635431985071,0.5230747318119966,-24.58157050762317,-0.45783104266053837,0.1168534198875173,0.2448677483156888,2026-07-23,17
7712.0,UGT_ANDROID,Interstitials,1 vs 2,0.039828880446717375,0.053446693649790364,34.19080087197215,-0.02171204682376155,0.04894767322990752,0.4499708617455168,2026-07-21,9
7712.0,UGT_ANDROID,Total,1 vs 2,0.2052925478275965,0.18895233057179384,-7.959479011154897,-0.10211636358235854,0.06943592907075316,0.7088731054001649,2026-07-21,9
7712.0,UGT_IOS,Interstitials,1 vs 2,0.048262743429593906,0.08349850752230786,73.00820796504489,-0.0016790261417670496,0.07215055432719496,0.0613704073910864,2026-07-21,9
7712.0,UGT_IOS,Total,1 vs 2,0.5213262887156175,0.4994778062477043,-4.190942014787108,-0.13070186652870697,0.08700490159288064,0.6940287000477623,2026-07-21,9
7718.0,UGT_IOS,Features,1 vs 2,0.43360522317090566,0.4398839665805138,1.4480322362568467,-0.08267435766812252,0.09523184448733882,0.8899687026676504,2026-07-13,4
7718.0,UGT_IOS,Total,1 vs 2,2.0110232056360506,1.8100923038492016,-9.991476041834046,-0.4557897829955526,0.05392797942185451,0.12228898772489873,2026-07-13,4
7718.0,UGT_IOS,Tour,1 vs 2,1.4240295579208957,1.2506791918193163,-12.17322808626764,-0.40920072017906994,0.06249998797591108,0.1497043674169817,2026-07-13,4
7745.0,UG_WEB,Total,1 vs 2,1.4031484953381799,1.403879730938703,0.05211391402639028,-0.17214046949866807,0.1736029406997143,0.9933852019618792,2026-07-20,8
7763.0,UGT_ANDROID,Total,1 vs 2,0.13480080298129343,0.09630805837864778,-28.55527841921488,-0.12826363439943336,0.05127814519414205,0.4006782969792977,2026-07-24,8
7763.0,UGT_IOS,Total,1 vs 2,0.46018158346592236,0.4557878837255188,-0.9547752231438245,-0.11276834270027608,0.10398094321946898,0.9366664225464968,2026-07-24,8
